SMILES,ID,label,prediction
O=C(Nc1cc(Oc2ncc3nc(n(CC)c3c2)-c2c(N)non2)ccc1)c1ccc(C[NH3+])cc1,BDB14043,active,-14.01
O(C)[C@@H]1[C@H]([NH2+]C)C[C@@]2(C)O[C@@H]1n1c3c4n2c2c(c4c4C(=O)NCc4c3c3c1cccc3)cccc2,BDB50241104,active,-10.76
N(c1nc(N2CC[NH2+]CC2)nc(NC2Cc3c(cccc3)C2)c1)c1cc[nH+]cc1,BDB50299378,active,-25.75
Brc1c(-c2c3c([nH]cc3)ncc2)sc(C(=O)N[C@H](C[NH3+])Cc2cc(F)ccc2)c1,BDB50278836,active,-25.66
O(CC1CC[NH2+]CC1)c1c2n(CC)c(-c3c(N)non3)nc2cnc1,BDB24994,active,-18.3
O=C(N(CC[NH+](C)C)Cc1cc(OC)ccc1)c1sc2c(n1)ccc(-c1c[nH]nc1)c2,BDB50311713,active,-26.95
O(C)c1ncc2nc(n(CC)c2c1)-c1c(N)non1,BDB14033,active,-19.86
O=C(NCC[NH2+]C)c1c2n(CC)c(-c3c(N)non3)nc2cnc1,BDB24990,active,-19.74
O=C(N1C[C@H]([NH3+])CC1)c1c2n(CC)c(-c3c(N)non3)nc2cnc1,BDB24991,active,-19.29
N(c1nc(NC2Cc3c(cccc3)C2)nc(N2CC[NH2+]CC2)n1)c1ccncc1,BDB50299360,active,-26.57
O(c1nc(Nc2ccncc2)nc(N2CC[NH2+]CC2)n1)C1Cc2c(cccc2)C1,BDB50299366,active,-26.29
O=C(C)c1cc(Oc2ncc3nc(n(CC)c3c2)-c2c(N)non2)ccc1,BDB14037,active,-23.29
N(c1nc(NC2Cc3c(cccc3)C2)cc(N2CC[NH2+]CC2)n1)c1cc[nH+]cc1,BDB50299379,active,-25.69
Oc1cc(Cc2cc3c(C)c(-c4nc(N)ncc4)sc3cc2)ccc1,BDB50319021,active,-32.12
O(CCC[NH3+])c1c2n(CC)c(-c3c(N)non3)nc2c(C#CCO)nc1,BDB25004,active,-19.53
Oc1cc(Nc2cc3c(C)c(-c4nc(N)ncc4)sc3cc2)ccc1,BDB50319025,active,-32.87
O=C(Nc1c2c([nH]cc2)ncc1)c1ccc([C@H]([NH3+])C)cc1,BDB50319005,active,-20.75
N1(c2c(N3CCCC3)ncc(-c3c4c([nH]cc4)ncc3)n2)CC[NH2+]CC1,BDB50309123,active,-21.98
[NH2+](Cc1c2n(CC)c(-c3c(N)non3)nc2cnc1)C1CC[NH2+]CC1,BDB24996,active,-18.91
Brc1c(F)ccc(NC(=O)N2[C@@H](C)CN(c3ncnc4[nH]cc(C)c34)CC2)c1,BDB50299585,active,-24.19
Clc1c(NC(=O)C[NH2+]Cc2ccccc2)cc2c(C(=O)NC=C2)c1,BDB50319637,active,-29.42
O=C1C(=O)C(Nc2ccncc2)=C1N[C@H](C)c1ccccc1,BDB50259376,active,-24.19
O(C[C@@H]([NH3+])Cc1ccccc1)c1cc(-c2cc3c(C)n[nH]c3cc2)cnc1,BDB15138,active,-23.2
O(CCC[NH3+])c1c2n(CC)c(-c3c(N)non3)nc2c(-c2c[nH]cc2)nc1,BDB25000,active,-20.5
[NH3+]CC1CCN(c2c(N3CCCC3)ncc(-c3ccncc3)n2)CC1,BDB50309120,active,-21.2
OCCN1CCN(c2c(N3CCCC3)ncc(-c3ccncc3)n2)CC1,BDB50309126,active,-25.45
N(CCc1ccccc1)c1nc(Nc2ccncc2)nc(N2CC[NH2+]CC2)n1,BDB50299362,active,-26.57
O=C(Nc1ccc(-c2c(-c3c4c([nH]cc4)ncc3)cn(CC)n2)cc1)Nc1ccccc1,BDB50316492,active,-15.52
[NH3+]CCn1c2c(c(-c3cc(-c4sc5c(c4)cccc5)c4[nH]ncc4c3)c1)nc(N)nc2,BDB50305006,active,-26.59
O=C(Oc1cc(NC(=O)N2[C@@H](C)CN(c3ncnc4[nH]cc(C)c34)CC2)ccc1)N(C)C,BDB50299586,active,-20.26
N(c1nc(NC2CCCC2)nc(N2CC[NH2+]CC2)n1)c1ccncc1,BDB50299361,active,-24.3
N(c1nc(NC2Cc3c(cccc3)C2)nc(N2CC[NH2+]CC2)n1)c1ncccc1,BDB50299368,active,-21.49
S(=O)(=O)(N1[C@@H](C)C[NH2+]CCC1)c1c2c(C)cncc2ccc1,BDB14028,active,-18.27
Nc1c(-c2n(C3CCC3)c3c(n2)cc(N)cc3)non1,BDB50310470,active,-26.42
O=C(Nc1ccncc1)C1CCC([C@H]([NH3+])C)CC1,BDB14029,active,-21.8
S(=O)(=O)(N1CC[NH2+]CCC1)C=1C2=CC=NC(=O)[C-]2C=CC=1,BDB50308901,active,-19.22
S(=O)(=O)(N1CC[NH2+]CCC1)c1c2c(C(=O)NC=C2)ccc1,BDB14031,active,-22.58
Nc1c(-c2n(CC)c3c(n2)cccc3)non1,BDB50168588,active,-22.52
Nc1c(-c2n(-c3ccccc3)c3c(n2)cccc3)non1,BDB50310462,active,-23.08
N#Cc1c(-n2c(-c3c(N)non3)nc3c2cccc3)cccc1,BDB50310463,active,-19.86
O=C1[C@H]2[C@H]([C@@]3(C)[C@@](C)([C@@H]([C@@H]([NH2+]C)C)[C@H](O)C3)C1)CC[C@H]1[C@@]3(C)[C@@H](N=C(C(C)C)OC3)CC=C1C2,ZINC14969940,decoy,-6.51
FC(F)(F)[C@H]1NN=C(C(F)(F)F)C2=C1C[C@H]1[C@H]3[NH+](C)CC[C@@]1(c1c(O)c(OC)ccc1C3)C2,ZINC28537122,decoy,-11.85
S=C=Nc1cc2c([nH]c3[C@H]4Oc5c(O)ccc6c5[C@@]54[C@@](O)([C@H]([NH+](CC4CC4)CC5)C6)Cc23)cc1,ZINC31417696,decoy,-11.96
OC[C@]12[C@@H](O)[C@H](O)C(C)(C)C[C@@H]1C=1[C@@](C)([C@@]3(C)[C@H]([C@]4(C)[C@H](C(C)(C)[C@H](O)CC4)CC3)CC=1)CC2,ZINC14617655,decoy,-4.99
O=C(NC1CC(C)(C)[NH2+]C(C)(C)C1)CC=1C(=O)Oc2c(C=1C)cc1c(OC3(CC1)CCCCC3)c2,ZINC13551191,decoy,-7.25
OC(C)(C)[C@H]1[C@@H](O)C[C@H]([C@H]2[C@@]3(C)[C@](C)(C=4[C@H]([C@@]5(C)[C@@H](C(C)(C)[C@@H](O)CC5)CC=4)CC3)CC2)CO1,ZINC14690834,decoy,-3.69
OC(C)(C)[C@@H]1[C@@H](O)C[C@@H]([C@H]2[C@@]3(C)[C@](C)(C=4[C@H]([C@@]5(C)[C@@H](C(C)(C)[C@@H](O)CC5)CC=4)CC3)CC2)CO1,ZINC14690840,decoy,-3.17
Clc1cc([C@H]2N3[C@H](C(=O)OC)Cc4c5c([nH]c4[C@H]3C[C@H]([NH+]3C[C@H](O)CC3)C2)cccc5)ccc1,ZINC12603154,decoy,-19.09
O=C(NC1c2c(-c3c1cccc3)cccc2)C=1C(=O)NC(C[NH+]2[C@@H]3CC(C)(C)C[C@](C)(C2)C3)=CC=1,ZINC14974486,decoy,-12.16
O(C)[C@@H]1[C@@H]([NH2+]C)C[C@H]2O[C@]1(C)n1c3c4n2c2c(c4c4C(=O)NCc4c3c3c1CCCC3)CCCC2,ZINC16052720,decoy,-7.92
O[C@H]1[C@@H](O)C[C@@H]([C@@H]2[C@@]3(C)[C@@](C)(C=4[C@@H]([C@]5(C)[C@@H](C(C)(C)[C@@H](O)CC5)CC=4)CC3)CC2)COC1(C)C,ZINC05440585,decoy,-3.67
Brc1cc2c([nH]c3c2CN(C(=O)c2oc4nc(O)cc(C(F)(F)F)c4c2)CC3)cc1,ZINC25925121,decoy,-23.64
O=C1[C@@H](Cc2c3c([nH]c2)cccc3)NC(=O)[C@H]2N1[C@@H](c1ccccc1)c1[nH]c3c(c1C2)cccc3,ZINC01656472,decoy,-16.42
Clc1cc(C=2c3c(N(C)C(=O)C=2)ccc([C@@H]([NH3+])c2n(Cc4ccc(C#N)cc4)cnc2)c3)ccc1,ZINC14955756,decoy,-16.91
Brc1c(Br)cc([O-])c2c([C@@H]3NC[C@H]([NH+](C)C3)c3c4c([nH]c3)cc(Br)cc4)c[nH]c12,ZINC22447401,decoy,-19.48
O(C)c1c2c(c([C@@H]3C(C#N)(C#N)C(=N)C(C#N)C=4[C@@H]3C[NH+](Cc3ccccc3)CC=4)cc1)cccc2,ZINC04641265,decoy,-14.87
S=[P@@]1(/N=C\2/NC=CC=C/2)N(c2ccccc2)NC=2C1=C([NH+]1CCCCC1)CC(C)(C)C=2,ZINC06171820,decoy,-12.42
O=C(N[C@H]1[C@H](O)C2(c3c1cccc3)CC[NH+](Cc1cc3c(OCC3)cc1)CC2)Cc1ccccc1,ZINC14985472,decoy,-21.34
Ic1cc(C)c(O)c([C@H]2N=C(O)c3c(sc4c3CC[NH+](C(C)C)C4)N2)c1,ZINC15947071,decoy,-14.89
Brc1cc([C@@H]2NC3(N=C(c4ccc(Cl)cc4)C2)CC[NH+](C(C)C)CC3)c(O)cc1,ZINC20765113,decoy,-17.84
Brc1cc([C@@H]2[n+]3nc(SCc4ccccc4)nc(O)c3-c3c(N2)cccc3)ccc1,ZINC27825136,decoy,-18.16
Brc1cc([C@@H]2Nc3c(C(=O)N4CCN(C)CC4)cccc3[C@@H]3[C@@H]2CC=C3)c(O)cc1,ZINC14461083,decoy,-16.68
Clc1c(CN2C(=O)[N+](Cc3ccccc3)=C(N)c3c2sc2c3CCCC2)ccc(Cl)c1,ZINC20100300,decoy,-13.37
Brc1c(OC)c([C@@H]2N=C([O-])c3c(sc4c3CC[NH+](CC)C4)N2)cc(Br)c1,ZINC15947404,decoy,-13.99
O=C(N[C@H]1[C@H](O)C2(c3c1cccc3)CC[NH+](Cc1c3c(nccc3)ccc1)CC2)c1ccccc1,ZINC11881777,decoy,-19.41
O=C1[C@]23[C@H]([C@@]4(C)[C@@](C)([C@@H]([C@@H]([NH+](C)C)C)[C@H](O)C4)C1)CC[C@H]1[C@@]4(C)[C@@H]([NH2+][C@H](C(C)C)OC4)CC[C@]21C3,ZINC14969918,decoy,-2.23
O=C(NC1CC(C)(C)[NH2+]C(C)(C)C1)c1nc(-c2cc3OCOc3cc2)c2[nH]c3c(c2c1)cccc3,ZINC02126842,decoy,-14.51
Brc1cc2c(CC(=O)NNC(=O)c3ccc(Br)cc3)c(C)[nH]c2cc1,ZINC31550975,decoy,-21.91
Ic1c(C(=O)NNC(=O)c2c3c([nH]c2)cccc3)cc(Br)cc1,ZINC28662664,decoy,-21.02
Clc1c(C(=O)N2C[C@@H]3[NH+](CC2)CCC3)nn2[C@@H](C(F)(F)F)C[C@@H](c3ccc(C)cc3)Nc12,ZINC22579722,decoy,-10.61
O=C(NC=1C(=O)NC(=O)NC=1)NC12CC3CC(C1)CC(C2)C3,ZINC15728931,decoy,-21.49
S(=O)(=O)(/N=C/1\SC2=C(N\1)CC[NH2+]C2)c1ccc(F)cc1,ZINC19681441,decoy,-17.29
N(=C\1/Sc2c(N/1)cccc2)\C1=NCN(N2CCN(C)CC2)CN1,ZINC19168184,decoy,-18.11
Br[C@@]1(C)[C@H](O)N([C@H]2O[C@@H](CO)C=C2)C(=O)NC1=O,ZINC05841121,decoy,-19.65
S=C1N(N)C(n2nccc2)=NN1[C@H]1[C@H]2O[C@@H](C(=O)C1)OC2,ZINC04593419,decoy,-18.0
O=C([C@@H](C)[NH+]1C[C@H](C(=O)N)CCC1)N1CCN(C(=O)C)CC1,ZINC29306058,decoy,-22.82
O=C(NC(=O)CN1CCC2(OCCO2)CC1)NC1CCCC1,ZINC28077269,decoy,-11.83
S(CC=1N=C2SC=CN2C(=O)C=1)C1=NC(N)=CC(=O)N1,ZINC08231166,decoy,-25.6
O=C(OC)C/1=C(N)OC2=C(\C\1=C/1\NC=CC=C\1)C(=O)CC(C)(C)C2,ZINC31829607,decoy,-16.9
O=C(N)/C=C/C1=CN2C(=O)c3c(c(O)c(C)cc3)N[C@@H](C)[C@H]2C1,ZINC00000960,decoy,-25.18
O=C1N(C)c2ncn(CC/[NH+]=C/3\NCCCCC\3)c2C(=O)N1,ZINC20033279,decoy,-18.2
Clc1c(Cl)ccc(/C=N/NC(=O)/C=C/2\NNC(=O)C\2)c1,ZINC19834257,decoy,-26.51
O(C)c1cc([C@H]2[C@]3(C#N)[C@@]2(C#N)C(N)=NC23OCCO2)ccc1,ZINC04200007,decoy,-7.48
O=C1N(C)[C@]2(O)/C(=N/NC(=[NH2+])N)/c3c([C@]2(O)N1C)cccc3,ZINC18116967,decoy,-22.04
O=C1C=2OC(N)=C(C#N)[C@@H](c3sc(C)cc3)C=2OC(CO)=C1,ZINC06758775,decoy,-18.87
S(CC(=O)N[C@@H]1[C@H]2C(=O)N3[C@@H](C(=O)N2CC1)C[C@H]([NH3+])C3)C,ZINC25200204,decoy,-14.06
FC(F)(F)c1c([C@H]2C=3C(=O)NC(N)=NC=3NC(=O)C2)cccc1,ZINC04944790,decoy,-22.54
O=C1C2=C(O)C=C(C)OC2=C([C@@H]2[C@@H](O)C[NH+](C)CC2)C(O)=C1,ZINC06484392,decoy,-17.17
O(C)c1c(O)cc([C@@H]2[C@@H](O)[C@H](O)c3c(O2)cc(O)cc3)cc1,ZINC31167091,decoy,-26.02
O=C1[C@]2([NH2+][C@H](C)[C@@H]3C(=O)N([C@@H](CC)C)C(=O)C23)c2c(N1)cccc2,ZINC16022069,decoy,-14.04
O=C(N[C@H]1[C@H](O)O[C@H]2[C@H]([C@H]1O)O[C@@H](c1ccccc1)OC2)C,ZINC04027857,decoy,-17.81
O([C@@H]1[C@@H](O)[C@H](O)[C@H](O)[C@H](C)O1)c1cc2OC(=O)C=C(C)c2cc1,ZINC02545118,decoy,-18.69
O=C1N(CC[NH3+])C(=O)c2c(N1C)ncc1C(=O)CC(C)(C)Cc21,ZINC22610612,decoy,-13.17
O=C(OC)Cc1n[nH]c2OC(N)=C(C#N)C3(c12)CCSCC3,ZINC06492283,decoy,-10.61
O(C)c1c(O)c([C@H]2c3c(C)n[nH]c3NC3=C2C(=O)OC3)ccc1,ZINC20086565,decoy,-12.0
N#CC1=C(N)O[C@@]2(N3CCOCC3)[C@H](C1(C#N)C#N)CCCC2,ZINC19931929,decoy,-8.09
S(=O)(=O)(N1CCOCC1)c1ccc([C@H]2NCC[NH2+]C2)cc1,ZINC19772836,decoy,-10.6
O=C1N(C)C(=O)C2=C(N1C)NCN(CCN1CC[NH2+]CC1)C2,ZINC19831957,decoy,-20.85
Clc1ncnc2n([C@H]3[C@H](O)[C@H](O)[C@H](CO)O3)cc(C#N)c12,ZINC05015029,decoy,-21.13
O=C(NC(=O)C[NH+]1CCCC1)Nc1cc2OCCOc2cc1,ZINC14095146,decoy,-17.29
O=C(NC(=O)CN1CC[NH+](C2CCCC2)CC1)N[C@H]1[C@H](C)CCCC1,ZINC28966991,decoy,-13.67
O=C(C)c1c(C)c(c(C)[nH]1)-c1onc(-c2c(C)ncc3c2CC[NH2+]C3)n1,ZINC19866376,decoy,-13.95
O=C([O-])[C@@H]1[NH2+][C@@H](c2c(CC)cc(OC)cc2)c2[nH]c3c(c2C1)cccc3,ZINC03679238,decoy,-15.79
O=C(NC1CC(C)(C)[NH2+]C(C)(C)C1)C1=NN(c2ccccc2)C(=O)C=C1,ZINC24681004,decoy,-11.35
O(C)c1c2OCOc2c-2c3[C@@H]([NH2+]CCc13)Cc1c-2cc(OC)c(O)c1,ZINC00898461,decoy,-15.36
O(C)c1c(O)cc2c(c([C@@H]3[NH2+]Cc4c(cc(OC)c(O)c4)C3)cnc2)c1,ZINC04824286,decoy,-25.53
O=C(Nc1c(C)cc(C)cc1)C=1[C@H](c2[nH]ccc2)n2ncnc2NC=1C,ZINC08609841,decoy,-14.13
O=C(NCc1cc2OCOc2cc1)c1c(C)c2-c3[nH]ncc3CCc2o1,ZINC06748367,decoy,-22.13
O=C(N)CC[C@@]1(O)[C@]2(C)[C@@H]([C@H]3[C@H]([C@]4(C)C(=CC(=O)CC4)C=C3)CC2)CC1,ZINC20275709,decoy,-15.77
O=C(NN=C1c2c(Nc3c1cccc3)cccc2)CN1CC[NH+](C)CC1,ZINC31847764,decoy,-21.59
O(C)c1c(O)c([C@H]([NH+]2CCCC2)c2c(O)cc3OCOc3c2)ccc1,ZINC05275072,decoy,-13.6
Clc1ccc(C(=O)NNC(=O)C23CC4(O)C[C@H](C2)C[C@@H](C4)C3)cc1,ZINC27637740,decoy,-17.31
O=C(NC(=O)[C@@H](C)N1CC[NH+](Cc2c3c(ccc2)cccc3)CC1)NC,ZINC22803388,decoy,-19.31
N#CC=1[C@@H](c2c(C)n(-c3ccccc3)nc2C)c2c(C)n[nH]c2OC=1N,ZINC18172544,decoy,-11.11
O=C1Nc2c(C(=O)N3[C@H]1[C@@H]([NH3+])CC3)cc(/C=C/c1ccc(O)cc1)cc2,ZINC08296846,decoy,-27.79
O=C(NNC(=O)C1=Cc2c(OC1)cccc2)Cc1c2c([nH]c1)cccc2,ZINC16178880,decoy,-22.04
O=C(C)N1c2c(cc(NC(=O)c3[nH]c4c(c3)ccc(OC)c4)cc2)CC1,ZINC31257787,decoy,-19.24
Clc1c(Cl)ccc(-c2n[nH]c(C3=C(N)C(=O)N(C)N=C3C)c2)c1,ZINC15923518,decoy,-18.09
Brc1ccc(NC(=O)C(=O)N/N=C/2\CC[NH+](C)CC\2)cc1,ZINC04122273,decoy,-20.22
O=C1c2c(NC(CN3C[C@H]([NH+]4CCC(CO)CC4)CCC3)=C1)cccc2,ZINC22913047,decoy,-21.74
O=C1[C@@H]2[C@@]3(C)[C@H](C[C@H](O)CC3)CC[C@@H]2[C@H]2[C@@](C)([C@H]([C@@H](O)CO)CC2)C1,ZINC08551865,decoy,-8.27
O=C1/C(=C/C[C@@H]2C(=C)CC[C@@H]3[C@@](CO)(C)[C@@H](O)CC[C@@]23C)/[C@@H](O)CO1,ZINC04081946,decoy,-14.21
O=C(Nc1c(C)ccc(C)c1)C=1[C@H](c2ccc(O)cc2)NC(=O)NC=1C,ZINC04279500,decoy,-25.12
Clc1c2OC=C(CN3C[C@H](C(=O)N)CCC3)C(=O)c2cc(Cl)c1,ZINC23282187,decoy,-26.89
Brc1cc2c(cc(O[C@H]3[C@H](O)[C@H](O)[C@H](CO)O3)cc2)cc1,ZINC05492496,decoy,-24.12
ClC1=Cn2c(C[NH3+])c(-c3cc4N(C)C(=O)[C@H](C)Oc4cc3)nc2C=C1,ZINC31975627,decoy,-19.44
Brc1cc2OC(=O)C=C(CSc3[nH]c(N)nn3)c2cc1,ZINC10716087,decoy,-26.07
O=C(Nc1cc2NC(=O)Nc2cc1)c1c(C#N)c(-n2cccc2)oc1C,ZINC25467046,decoy,-22.16
O=C(N)C1([NH+]2CCCCC2)CCN([C@H]2OC(=O)c3c2cccc3)CC1,ZINC00106581,decoy,-18.26
Clc1c(C[NH+]2CCN(C=3NC(=O)NC(=O)C=3)CCC2)ccc(F)c1,ZINC24903010,decoy,-24.21
Fc1c(NC(=O)NCc2cc(-c3c(O)c(-c4[nH]c5c(c4)c[nH+]cc5)ccc3)ccc2)ccc(F)c1,ZINC14956627,decoy,-24.15
Fc1c([C@H]2N3[C@H](C(=O)OC)Cc4c5c([nH]c4[C@H]3C[C@H]([NH2+]C[C@@H]3OCCC3)C2)cccc5)cccc1,ZINC12603061,decoy,-15.23
FC(F)(F)c1nc2[C@@H](N(C(=O)C[C@H]([NH3+])Cc3cc(F)c(F)cc3)CCn2c1)c1ccc(F)cc1,ZINC14958999,decoy,-14.68
Clc1c(-c2c(C(=O)NC[C@@H](N3CC[NH+](C)CC3)c3c4c([nH]c3)cccc4)c(C)on2)cccc1,ZINC22676842,decoy,-16.28
Fc1c([C@H]2Oc3c(cccc3)C[NH+](CCC(=O)N(Cc3[nH]c4c(n3)ccc(F)c4)C)C2)cccc1,ZINC12054047,decoy,-18.6
O[C@H]1[C@H](O)C[C@@]2(C)[C@H](C1(C)C)CCC1=C2[C@@H](O)[C@H](O)[C@]2(C)[C@@H]([C@@H](CCC(C(C)C)=C)C)CC=C12,ZINC03924696,decoy,-8.85
Clc1c(NC(=O)CN2CC[NH+](Cc3ccc(C(F)(F)F)cc3)CCC2)c(Cl)ccc1C,ZINC10662204,decoy,-18.16
O(C)c1c(OC)cc2c([C@@H]3[NH+](C[C@H](CC)[C@H](C[C@H]4[NH2+]Cc5c(cc(OC)c(O)c5)C4)C3)CC2)c1,ZINC28542263,decoy,-18.02
O=C(N[C@@H](CC)c1c(-n2cccc2)sc2c1CC[NH+](CC)C2)NC12CC3CC(C1)CC(C2)C3,ZINC20532226,decoy,-7.96
O=C(Nc1c(C)cc(C)cc1)[C@@H](NC(=O)[C@@H]1[NH2+]Cc2c(cccc2)C1)Cc1c2c([nH]c1)cccc2,ZINC08856470,decoy,-17.1
[NH+](=C(\N)/c1cc2[nH]c(-c3oc(-c4ccc(/C(=[NH+]/C5CCCC5)/N)cc4)cc3)nc2cc1)\C1CCCC1,ZINC27303191,decoy,-11.21
Clc1cc(C=2c3c(N(C)C(=O)C=2)ccc([C@H]([NH3+])c2n(Cc4ccc(C#N)cc4)cnc2)c3)ccc1,ZINC14955759,decoy,-17.1
Brc1cc2c(CC(=O)Nc3ccc(NC(=O)NCc4occc4)cc3)c(C)[nH]c2cc1,ZINC31601348,decoy,-18.39
C([NH+]1Cc2c(OCC1)ccc(CN1CCN(Cc3ncccc3)CC1)c2)c1c2c([nH]c1)cccc2,ZINC12126755,decoy,-14.21
O=C(NCc1sc2c(c1)cccc2)C=1C(=O)NC(C[NH+]2CC[C@H](c3ccccc3)CCC2)=CC=1,ZINC14889005,decoy,-20.62
S=C1N[C@@H](c2cc(OCC)c(O)cc2)C(C(=O)Nc2c(C)cc(F)cc2)=C(c2ccccc2)N1,ZINC22829539,decoy,-15.14
Fc1cc2c(C)c(C[NH+]3C[C@@H](O)[C@H](N4CC[NH+](CCc5ccccc5)CC4)CC3)[nH]c2cc1,ZINC12459136,decoy,-19.06
O=C(NCC1(c2ccccc2)CCCC1)[C@@H]1C2(C1)CC[NH+](CC=1C(=O)Nc3c(cccc3)C=1)CC2,ZINC11815211,decoy,-15.61
O[C@@H]1C[C@]2(O)[C@H]([n+]3cc4c(cc3)cccc4)C[C@H]3[C@@H]4[C@](C)([C@H]([C@@H](CCCC(C)C)C)CC4)CC[C@H]3[C@]2(C)CC1,ZINC17289933,decoy,-11.56
Fc1cc2NC(=O)C[C@H](C(=O)NC[C@H](c3c4c([nH]c3)cccc4)c3ccc(N(C)C)cc3)c2cc1,ZINC22144287,decoy,-18.02
Clc1cc2NC(=O)[C@@H](CC(=O)NCc3ccc(C[NH+]4CCC(C)CC4)cc3)Sc2cc1,ZINC29358567,decoy,-15.26
Clc1c(Cl)ccc(C(=O)/C(=C(\[S-])/N[C@H]2[C@H](C)CCCC2)/[n+]2ccc(C(C)(C)C)cc2)c1,ZINC27489736,decoy,-10.41
O=C(N[C@H]1[C@H](O)C2(c3c1cccc3)CC[NH+](Cc1n(-c3ncccc3)ccc1)CC2)Cc1ccccc1,ZINC12454719,decoy,-18.8
O=C(N[C@@H](CC(=O)N1Cc2c3c([nH]c2CC1)ccc(C)c3)c1cc(Oc2ccccc2)ccc1)N,ZINC29211972,decoy,-21.92
Fc1cc(C(=O)NCc2n3c(nn2)CC[NH+](Cc2cc(-c4c(C)cccc4)ccc2)CC3)ccc1,ZINC20907730,decoy,-19.21
Fc1c(CCNC(=O)c2oc3c(c2)cc(C2(O)CC[NH+](Cc4cscc4)CC2)cc3)cccc1,ZINC14985747,decoy,-18.93
O=C1C(C)(C)[C@H]2[C@@](C)(C=3C([C@]4(C)[C@@H](O)C[C@H]([C@@H](CC/C=C(\CO)/CO)C)[C@@]4(C)CC=3)=CC2)CC1,ZINC32023194,decoy,-14.73
Fc1c(/C=C\2/C(=O)N(C)c3c(S/2)ccc(C(=O)NCCC[NH+]2C[C@@H](C)C[C@H](C)C2)c3)cccc1,ZINC20179974,decoy,-16.77
Brc1ccc([C@@H](NC(=O)N)CC(=O)N([C@H](C)c2c(Cl)cc(Cl)cc2)C)cc1,ZINC30316388,decoy,-22.85
Clc1ccc(CN2[C@H](C(C)C)[C@@H]3[C@@H]([C@H](c4ccc(C(=[NH2+])N)cc4)[NH+]4[C@H]3CCC4)C2=O)cc1,ZINC16051885,decoy,-24.24
O(C)c1c2[C@H](O)CN(Cc3c(O)c(O)cc(C(C)(C)C)c3)Cc2c(OC)cc1,ZINC29543379,decoy,-14.92
Clc1c([C@H]2N3NC(N)=[NH+]C3=N[C@@H](c3cc(OC)ccc3)C2)ccc(Cl)c1,ZINC13131671,decoy,-19.85
O=C(Nc1c2c(ccc1)cccc2)[C@@H]([NH2+][C@H](C)c1cc2NC(=O)COc2cc1)C,ZINC27033986,decoy,-22.41
S(Cc1nc(N)c2c(sc3c2CCCCC3)n1)c1n(N)c(C2CC2)nn1,ZINC10395472,decoy,-10.08
O=C([O-])[C@H]1[NH2+][C@@H](c2cc(C(C)C)c(O)c(C(C)C)c2)c2[nH]c3c(c2C1)cccc3,ZINC15414448,decoy,-10.91
O=C(OCc1ccccc1)C=1[C@@H](c2c(O)ccc3c2cccc3)NC(=O)NC=1C,ZINC01103814,decoy,-21.36
Clc1c(OCc2cc(C#N)ccc2)ccc(N2C(=N)NC(=[NH2+])NC2(C)C)c1,ZINC16955314,decoy,-20.33
O=C(NC[C@@H](C(C)C)[NH+]1Cc2c(cccc2)CC1)C1=NNC(=O)c2c1cccc2,ZINC25535809,decoy,-16.61
O(C)c1ccc(CNC=2[NH+]=C3N([C@@H]([C@@H]4CC=CCC4)N=2)C(O)=CC(=C)N3)cc1,ZINC19943494,decoy,-21.34
O(CC)c1c([C@@H]2C(C#N)=C(N)Oc3n[nH]c(C)c23)c2c(cc1)ccc(OCC)c2,ZINC05444701,decoy,-7.02
Clc1cc2c([nH]c(C(=O)OCC(=O)NC(=O)N[C@H]3[C@@H](C)CCCC3)c2)cc1,ZINC27258606,decoy,-18.82
O=C(NNC(=O)Cc1c(C)[nH]c2c1cc(C)cc2)CN1c2c(cccc2)CCC1,ZINC24559750,decoy,-19.73
Fc1c(N2C(=O)/C(=C/NC[C@H]3[NH+](CC)CCC3)/c3c(C2=O)cccc3)cccc1,ZINC20533429,decoy,-17.01
O(CC#C)c1ccc([C@@H](/[NH+]=C\2/NC=CC=C/2)c2c(O)c3ncccc3cc2)cc1,ZINC06191504,decoy,-14.58
Fc1c([C@H]2C(C#N)=C(N)Oc3n[nH]c(-c4cc(OC)c(OC)cc4)c23)cccc1,ZINC08567892,decoy,-11.33
O=C(NNC(=O)c1n[nH]c2c1CCCC2)c1nn(-c2ccccc2)c2c1CCC2,ZINC09896513,decoy,-15.69
O=C(NNC(=O)c1cc(OC)c(OC)cc1)c1[nH]c2c(C)c(C)cc(C)c2c1,ZINC28277421,decoy,-18.49
O=C(NCCCc1ccccc1)[C@@H]1[C@]2(C(=O)Nc3c2cccc3)[NH+]2[C@H](C1)CCC2,ZINC20918964,decoy,-16.66
Clc1c(Cl)ccc(C2=Nc3c(N)[nH+]c(NC(=O)OCC)cc3NC2)c1,ZINC05463814,decoy,-16.41
O=C(Oc1ccc([C@H]2C(C#N)=C(N)Oc3[nH]nc(C(C)C)c23)cc1)c1occc1,ZINC06492553,decoy,-8.0
O=C(NC1CC1)[C@@H](Cc1c2c([nH]c1)cccc2)N1C(=O)Nc2c(C1=O)cccc2,ZINC15972316,decoy,-14.61
Fc1cc2[C@]3([C@@H](C(=O)Nc4ccc(OC)cc4)C[C@H](C(C)C)[NH2+]3)C(=O)Nc2cc1,ZINC05482725,decoy,-20.55
N(\c1ccc(C)cc1)=C\1/[NH+]=C(N)N=C(CN2CCN(c3ccccc3)CC2)N/1,ZINC01246018,decoy,-21.94
O=C(N[C@@H](C)c1cc2OCCOc2cc1)NCc1cc2c(cc(OC)cc2)cc1,ZINC10284667,decoy,-16.74
Brc1cc(-c2nc(CSc3[nH+]c(N)cc(N)n3)on2)ccc1,ZINC07692798,decoy,-28.8
O=C(N)CC[C@@H](C)[C@@H]1[C@]2(C)[C@H]([C@@H]3C(=O)C[C@H]4[C@@](C)([C@H]3CC2)CC[C@@H](O)C4)CC1,ZINC06491632,decoy,-15.34
O(C)c1ccc(N2C([C@H](CC)N3C[C@@H](C)[NH2+]CC3)=Nc3c(C2=O)cccc3)cc1,ZINC22581302,decoy,-14.2
O=C(NCC1([NH+](C)C)CCCCC1)C1=NN(c2c(C)ccc(C)c2)C(=O)CC1,ZINC12899746,decoy,-11.48
Clc1c([N+](=O)[O-])cc(NC(=O)NC2CC[NH+](Cc3ccccc3)CC2)cc1,ZINC17079394,decoy,-16.19
Clc1cc([C@@H](NC(=O)C2=NN([C@H](C(=O)N)C2)c2ccc(F)cc2)C)ccc1,ZINC29296285,decoy,-21.46
S=C1N(C[C@@H]2OCCC2)C(N)=C(C#N)C2=C1CCCC2,ZINC13623885,decoy,-11.65
Fc1c(Nc2ncnc3[nH]ncc23)cccc1,ZINC11856414,decoy,-27.44
O=C1/C(=C/c2oc([C@H]3[C@H](C)C3)cc2)/SC(N)=N1,ZINC10219641,decoy,-22.38
O=[N+]([O-])[C@H]1C[C@@H](C=2[NH2+][C@@H]3[C@H](SC=2)CCCC3)CCC1,ZINC17023187,decoy,-11.07
FC(F)(F)[C@@]1(O)N(C(=O)C(C)C)NC2=C1CCCC2,ZINC06693128,decoy,-10.93
Fc1c(NC(=O)[C@@H]2Oc3c(NC2)cccc3)ccc(F)c1,ZINC19510142,decoy,-20.86
OC[C@@]1(O)C[C@H]2[C@@H](CC1)CCCC2,ZINC05282888,decoy,-17.55
O=C1[C@](O)(C)[C@@H]2[C@@H]3C(C)=C(O)C(C)=C[C@H]3[C@@]1(C)C=C2,ZINC25627655,decoy,-10.17
O=C1C(NC2CCCCC2)=C2C(=N1)C=CC=C2,ZINC16932584,decoy,-17.48
O=C1C[C@@H]2N(c3[nH]c(CC)[nH+]c3)[C@H](C1)CCC2,ZINC17428479,decoy,-16.05
O=C(N)c1c(N2C(=O)CCC2)sc2c1CCCC2,ZINC01094744,decoy,-24.63
O(C)c1c(OC)c(O)cc(C)c1O,ZINC02566114,decoy,-21.51
O=C(N/N=C/c1sccc1)c1n[nH]c(C)c1,ZINC09045985,decoy,-19.44
O[C@@H]1[C@H](O)[C@H]2c3c4c5c(cc3)cccc5C=CC4=CC2=C2O[C@@H]12,ZINC31439520,decoy,-17.77
O[C@H]1[C@@]2(CC)C[NH+]3C(C)(C)N(C2)C[C@@]1(CC)CC3,ZINC19336893,decoy,-4.72
O/N=C\1/[C@@H](N2C[C@@H](C)O[C@H](C)C2)CCC/1,ZINC16609532,decoy,-14.0
O(n1nnc2c1cc(N)cc2)C1CCCC1,ZINC01574016,decoy,-20.39
O=C1/C(=C\c2c(C)n(c(C)c2)-c2c(C)cccc2)/NC(=O)N1,ZINC00382061,decoy,-23.3
N#CC1(C#N)[C@@H](CC)[C@H]2C(C(C#N)C1=N)=CC[C@@H](CC)C2,ZINC06265719,decoy,-8.8
O=C(NC(C)C)Nc1cc2OCOc2cc1,ZINC06698693,decoy,-20.69
FC(F)(F)c1ccc(-c2n3c(nn2)C=CC(N)=C3)cc1,ZINC19753988,decoy,-21.85
Fc1c(F)c(F)c(CC(=O)N)c(F)c1F,ZINC01627124,decoy,-23.7
FC(F)(F)[C@H]1C[NH+]([C@H]2C(=O)NCCCC2)CCC1,ZINC12922167,decoy,-15.65
O=C1C=C2[C@H]([C@@H]3[C@H](O)C[C@]4(C)[C@@H](O)CC[C@H]4[C@H]3CC2)CC1,ZINC05758281,decoy,-12.8
O=C(OCC)NNC1=C2C[C@H]3C[C@@H](C2)CC1C3,ZINC03574927,decoy,-13.18
[NH2+](Cc1n2c(nn1)C=CC=C2)[C@H]1[C@@H](C)CCCC1,ZINC20185301,decoy,-18.17
O=C1C(C[NH+](C)C)=C(C)C=C2OC(O)=CC(CC)=C12,ZINC05908523,decoy,-16.7
Fc1cc2c([nH]c(C(=O)N(C)C3CC[NH+](C)CC3)c2)cc1,ZINC05246744,decoy,-19.62
O[C@]1(C)N(C(=N)c2ccccc2)N=C(C)[C@@H]1C,ZINC05533008,decoy,-15.62
Oc1c(C[NH+]2CCN(C)CC2)c2c(cc1)cccc2,ZINC19865127,decoy,-16.09
O(C)c1c2[C@@H](O)CN(Cc3c(O)c(O)cc(C(C)(C)C)c3)Cc2c(OC)cc1,ZINC29543377,decoy,-14.56
Clc1ccc([C@H]2N=C(NCC[NH+]3CCCCC3)NC=3N2C(=O)C=C(C)N=3)cc1,ZINC09289354,decoy,-14.42
O=C([O-])[C@H]1[NH2+][C@H](c2cc(C(C)C)c(O)c(C(C)C)c2)c2[nH]c3c(c2C1)cccc3,ZINC15414451,decoy,-10.7
Fc1c(N2CCN(CC3=NC(N)=[NH+]/C(=N\c4ccc(C)cc4)/N3)CC2)cccc1,ZINC09109817,decoy,-22.38
Fc1ccc(CN2[C@H](NNC(=O)c3[nH]c4c(c3)cccc4)C(C)=C(C)C2=O)cc1,ZINC04671620,decoy,-19.71
FC(F)Oc1c(OC)cc([C@@H]2n3c4c(nc3[NH+]=C(N)N2)cccc4)cc1OC,ZINC07127988,decoy,-16.95
O=C(NC[C@H](C(C)C)[NH+]1Cc2c(cccc2)CC1)C1=NNC(=O)c2c1cccc2,ZINC25535804,decoy,-16.77
S(C)c1nc(NCC[NH3+])c2sc3nc(C)c4c(c3c2n1)CC(C)(C)OC4,ZINC24546487,decoy,-5.86
Clc1c(F)ccc(N2C(=O)[C@@H]([NH2+]CCc3c4c([nH]c3)cccc4)CC2=O)c1,ZINC04784864,decoy,-20.87
Clc1c(C)ccc(NC(=O)[C@H]([NH2+][C@H](C)c2cc3NC(=O)COc3cc2)C)c1,ZINC27037813,decoy,-22.77
Fc1c(-c2oc(/C=C/C(=O)NNC(=O)c3n[nH]c4c3CCCC4)cc2)cccc1,ZINC09896250,decoy,-18.66
Clc1cc(C(=O)NNC(=O)NCc2cc3c(cc(OC)cc3)cc2)ccc1,ZINC31025791,decoy,-21.51
O=C(NC(=O)C[NH+]1CCC(CCc2ccc(O)cc2)CC1)NC1CCCCC1,ZINC26113934,decoy,-25.57
Fc1ccc(-c2n[nH]c3OC(N)=C(C#N)[C@@H](c4c(OC)ccc(OC)c4)c23)cc1,ZINC00718595,decoy,-11.28
Fc1cc2[C@@]3([C@H](C(=O)Nc4ccc(OC)cc4)C[C@@H](C(C)C)[NH2+]3)C(=O)Nc2cc1,ZINC15972267,decoy,-20.2
O=C(NCC[NH+]1CCCCCC1)C1=NN(c2ccccc2)C(=O)c2c1cccc2,ZINC30001377,decoy,-16.36
O=C(NC=1C(=O)c2c(NC=1)ccc(C)c2)NC1CC[NH+](Cc2ccccc2)CC1,ZINC21523417,decoy,-16.28
Clc1cc2c([nH]c(C(O[C@@H](C(=O)NC(=O)NC3CCCCC3)C)=O)c2)cc1,ZINC27257208,decoy,-19.49
Fc1ccc(-n2c(C)c(/C=C/C(=O)Nc3cc4NC(=O)Nc4cc3)c(C)n2)cc1,ZINC15579990,decoy,-22.98
Fc1c([C@H]2N(CCCO)C(=O)c3[nH]nc(-c4c(O)cc(C)cc4C)c23)cccc1,ZINC06743285,decoy,-14.16
S(=O)(=O)(CCNC(=O)Nc1cc(C)cc(C)c1)c1c(C)[nH]c2c1cccc2,ZINC08923927,decoy,-16.06
S([C@@H](C(=O)NC(=O)NCC)c1ccccc1)c1[nH]c2c(n1)cc(F)c(F)c2,ZINC27076455,decoy,-18.41
O=C(NC1CCCCCC1)C[C@@H]1N(Cc2cc3c(cc2)cccc3)CCNC1=O,ZINC15079628,decoy,-16.72
Clc1c([C@@H](NC(=O)C2=NN([C@@H](C(=O)N)C2)c2ccc(F)cc2)C)cccc1,ZINC29296182,decoy,-22.11
O=C(N/N=C/c1c(O)cc(O)cc1)c1n[nH]c(C23CC4CC(C2)CC(C3)C4)c1,ZINC06813490,decoy,-25.76
FC(F)(F)c1ccc(CNC(=O)c2c(N)c3c(s2)nc(N)c(C#N)c3)cc1,ZINC20079850,decoy,-20.37
Clc1cc2C(=O)C=C(C(=O)NC[C@H]([NH+](C)C)c3ccc(C)cc3)Oc2cc1,ZINC28289736,decoy,-17.53
S(Cc1nc(N)c2c(sc3c2CCCCC3)n1)c1n(c(N)nn1)C1CC1,ZINC31455458,decoy,-16.19
Clc1c(-c2n[nH]c(C(=O)N/N=C(\C)/c3ccc(N)cc3)c2)ccc(Cl)c1,ZINC05354220,decoy,-26.38
Clc1c(C(=[NH2+])N)cc2c([nH]c(-c3c(O)c(-c4ccccc4)cc(OC)c3)c2)c1,ZINC14955465,decoy,-25.51
O=C(NCCC[NH+]1CCCCC1)c1c(C)c2C(=O)CC(C)(C)Cc2[nH]1,ZINC28061886,decoy,-11.06
Fc1cc2[nH]c(CN3C[C@@H](CCO)[NH+](C4CCCC4)CC3)nc2cc1,ZINC13595049,decoy,-17.78
Fc1ccc(C(=O)NNC=2[C@@]3(CCC)C[NH+]4CC=2CN(C3)CC4)cc1,ZINC06396529,decoy,-13.14
O=C(NC)CN1CCC(NC(=O)c2[nH]c3c(c(C)cc(C)c3)c2)CC1,ZINC25233276,decoy,-18.17
Fc1cc2NC(=O)C[C@H](C(=O)NCc3ccc(C[NH+](C)C)cc3)c2cc1,ZINC14529589,decoy,-17.15
Fc1cc2c(CC(=O)NCC=3C(=O)NC(C)=CC=3C)c(C)[nH]c2cc1,ZINC29009521,decoy,-19.94
O=C(N)C=1C(=O)NC2=C([C@@H]([NH2+]Cc3cc4c(cc3)cccc4)CCC2)C=1,ZINC08850317,decoy,-26.14
Fc1c(NC(=O)COc2cc(C=3NC(=[NH2+])SC=3)ccc2)cccc1,ZINC20330680,decoy,-27.76
Clc1c(O[C@H](C(=O)NNC2=CC[NH+](C)CC2)C)ccc(Cl)c1,ZINC08497043,decoy,-20.78
O=C(NC[C@@H]1OCCC1)C1CC[NH+](Cc2c3c([nH]c2)cccc3)CC1,ZINC00795224,decoy,-15.2
Fc1cc(C[NH+]2C[C@H](Cn3nnc(C(O)(C)C)c3)CCC2)c(O)cc1,ZINC19228739,decoy,-11.52
O=C(NC[C@H](C)N1C[C@@H](C)O[C@@H](C)C1)c1[nH]c2c(c1)ccc(OC)c2,ZINC31369316,decoy,-18.57
O=C(NC(C)(C)C)CN1CC[NH+](Cc2c(O)ccc3c2cccc3)CC1,ZINC20633972,decoy,-12.51
Clc1ccc(CNC(=O)[C@H]2N(CC3CC3)Cc3nc[nH]c3C2)cc1,ZINC12530232,decoy,-18.88
C([NH+]1C(C)(C)CCC1)c1nnn(C2CCN(Cc3n[nH]c(C)c3)CC2)c1,ZINC23214691,decoy,-8.19
O=C(N[C@H](C)c1cc2c(cc1)CCCC2)C[NH+]1C[C@H](C(=O)N)CCC1,ZINC26846279,decoy,-23.66
O=C(N)N1C[C@H](C(=O)NCc2cc3c(C)c(CC)[nH]c3cc2)CCC1,ZINC12571119,decoy,-22.48
O=C(N[C@H]1[C@H](O)CCC[NH+](Cc2ccccc2)C1)c1ccc(O)cc1,ZINC15672221,decoy,-27.89
O(C)c1cc2c([C@@H](O)[C@@]3([NH3+])N4C[C@H](C=C)[C@@H](C3)CC4)ccnc2cc1,ZINC19327090,decoy,-14.06
Clc1ccc(C=2Nn3c([C@@H]([NH3+])CCSC)nnc3SC=2)cc1,ZINC02348138,decoy,-14.68
O[C@@](CCO)([C@@H]1[NH+]2C/C(=C\C)/[C@@H](C1)CC2)c1c2c(ncc1)ccc(O)c2,ZINC05132652,decoy,-16.53
O=C(NCCN1CC[NH+](CC)CC1)c1n[nH]c2-c3c(cccc3)CCc12,ZINC15772808,decoy,-13.9
O=C(NCCN1[C@@H](c2ccccc2)C[NH+](C)CC1)Nc1noc(C)c1,ZINC31794284,decoy,-16.56
OCC[C@@]1(CO)O[C@@]2([C@H](C)CC[C@@H]3[C@](CO)(C)CCC[C@@]23C)CC1,ZINC26771840,decoy,-9.24
O=C(NCc1cc2c(cc(OC)cc2)cc1)NC1CC[NH+](C2CC2)CC1,ZINC10496235,decoy,-14.8
Clc1cc2[C@H]([NH2+][C@@H](C(=O)NC(=O)NCC)C)CCSc2cc1,ZINC25215849,decoy,-16.81
O=C(NC1C[C@@H]2[NH+](CC(=O)NC3CC3)[C@H](C1)CC2)NC1CCCCC1,ZINC04373946,decoy,-11.36
OC(C#Cc1sc(C[NH+]2C[C@H](O)[C@@H](N3CCOCC3)C2)cc1)(C)C,ZINC20534931,decoy,-15.49
Fc1cc(CNC(=O)c2noc(CN3C[C@H](O)CCC3)c2)c(C)cc1,ZINC12074667,decoy,-23.66
O=C(NCc1sccc1)C=1C(=O)NC(C[NH+]2[C@@H](C)CCCC2)=CC=1,ZINC20453102,decoy,-15.83
O/N=C\1/[C@]2(O)[C@](C)([C@H]3[C@H]([C@@H]4[C@@](C)([C@H]([C@@H](CCCC(C)C)C)CC4)CC3)C/1)CC[C@H](O)C2,ZINC25552278,decoy,-10.04
O(C)c1c(O)c(OC)cc(C(c2c(C)[nH]c3c2cccc3)c2c(C)[nH]c3c2cccc3)c1,ZINC08396830,decoy,-10.45
FC(F)(F)c1c(c(-c2c(O)cc(O)c(CC)c2)n[nH]1)-c1cn(-c2ccccc2)nc1,ZINC01184825,decoy,-15.6
Clc1cc(C)c(OCc2c(C)sc([C@@H]3C(C#N)=C(N)Oc4n[nH]c(C)c34)c2)cc1,ZINC08926777,decoy,-13.89
Brc1cc([C@H]2Nc3c([C@@H]4[C@H]2CC=C4)cc(NC(=O)CCC)cc3)c(O)cc1,ZINC20696528,decoy,-17.14
Fc1c(C(=O)N[C@H](C(=O)Nc2cc3c([nH]c4c3CCCC4)cc2)C(C)C)c(F)ccc1,ZINC31363967,decoy,-17.73
S(Cc1ccc(C)cc1)C1=C(C#N)C2(C(c3scc(C)n3)=C(N)N1)CCCCC2,ZINC21722031,decoy,-13.79
O=C(NC[C@H](O)c1ccccc1)c1nc(-c2c(C)cccc2)c2[nH]c3c(c2c1)cccc3,ZINC06090655,decoy,-18.97
Clc1ccc(C2([C@H](C(=O)N/N=C/c3ccc(O)cc3)C2)c2ccc(Cl)cc2)cc1,ZINC02315549,decoy,-28.73
Clc1ccc([C@H]2N=C(NCCc3c4c([nH]c3)cccc4)N=C3N2C(O)=CC(C)=N3)cc1,ZINC20478125,decoy,-18.05
O[C@@H]1C=C2[C@@](C)([C@@H]3[C@H]([C@H]4[C@@](C)([C@@](O)(c5nc(NCCC)sc5)CC4)CC3)CC2)CC1,ZINC05647906,decoy,-11.25
O=C(N[C@@H]1[C@@H](C)CCCC1)[C@@H](NC(=O)C1CCC(C)CC1)Cc1c2c([nH]c1)cccc2,ZINC04872285,decoy,-11.49
Clc1cc(/C=C(/NC(=O)c2ccccc2)\C(=O)Nc2cc3[nH]ccc3cc2)ccc1,ZINC13578406,decoy,-22.12
FC(F)(F)c1cc([C@@H]2C(C#N)=C(N)Oc3[nH]nc(-c4c5c(ccc4)cccc5)c23)ccc1,ZINC01175687,decoy,-12.08
O=C(N/N=C/c1ccc(N(C)C)cc1)NC12CC3(c4ccc(C)cc4)C[C@@H](C1)C[C@@H](C2)C3,ZINC01883544,decoy,-17.02
Clc1cc(Cl)cc(C(=O)NC(=S)NNC(=O)Cc2c3c(ccc2)cccc3)c1,ZINC10506055,decoy,-21.91
Oc1c([C@@H]2[NH+](Cc3c(O)cccc3)CCN2Cc2c(O)cccc2)c2c(cc1)cccc2,ZINC19332356,decoy,-18.24
Clc1ccc(C2=N[C@@H](c3c(F)cccc3)N[C@H](c3c(O)c(OCC)ccc3)C2)cc1,ZINC09542501,decoy,-16.49
Fc1c(F)c(C(=O)NCc2ccc(-c3[nH]c(-c4ccc(F)cc4)cn3)cc2)ccc1F,ZINC23446286,decoy,-17.61
O=C(N)[C@@H]1[C@@H]([C@H](C(=O)c2ccc(C)cc2)[C@@H]2N1C=Cc1c2cccc1)c1ccc(C)cc1,ZINC15769559,decoy,-19.59
O=C(NCc1ccccc1)c1c2N[C@H](c3c4c([nH]c3)cccc4)[C@H]3[C@H](c2ccc1)C=CC3,ZINC20720252,decoy,-18.85
Clc1c(C(=O)NNC(=O)Nc2c(C(F)(F)F)cc(Cl)cc2)ccc(Cl)c1,ZINC02143123,decoy,-19.45
C(C)(C)n1ncc([C@H]2N(Cc3c(-c4ccccc4)n[nH]c3)CCc3c4c([nH]c23)cccc4)c1,ZINC19228183,decoy,-12.58
Brc1cc(/C=N/NC(=O)c2n[nH]c3c2C[C@H](C(CC)(C)C)CC3)c(O)cc1,ZINC09375272,decoy,-14.17
S(CC=C)C1=NC(C)(C)C[C@]2(Oc3c(O)c(O)ccc3[C@H](c3cc(C)ccc3)C2)N1,ZINC04160193,decoy,-22.88
FC(F)Oc1ccc([C@H]2C(c3[nH]c4c(n3)cccc4)=C(c3ccccc3)NC(=O)N2)cc1,ZINC09086969,decoy,-15.15
S(Cc1nc(N)c2c(sc3c2CCCC3)n1)c1n(-c2cc(OC)ccc2)ccn1,ZINC29589628,decoy,-20.34
S(Cc1ccc(C(=O)N)cc1)C1=Nc2sc(C)c(-c3ccc(F)cc3)c2C(=O)N1,ZINC16548807,decoy,-25.96
Clc1cc(-c2[nH]nc(C(=O)N[C@@H](c3n(C)ccn3)c3ccc(Cl)cc3)c2)ccc1,ZINC25076562,decoy,-18.68
O=C(N[C@H](c1cc2nc[nH]c2cc1)c1ccccc1)c1nn(-c2ccccc2)c2c1CCC2,ZINC25146456,decoy,-17.34
O=C(OCC[NH+](C)C)/C=C\1/[C@@H](C)[C@@H]2[C@@H](O)C[C@@H]3[C@](C(=O)OC)(C)CCC[C@@]3(C)[C@@H]2CC/1,ZINC14614932,decoy,-10.34
O=C(NCc1c(-c2ccc(C[NH+](C)C)cc2)cccc1)CN1C(=O)c2c(C(C)=N1)cccc2,ZINC31079576,decoy,-18.27
O=C(Nc1c(-c2ccccc2)cccc1)CC[NH+]1CCN(Cc2nc3n(c2)C=CC=C3)CC1,ZINC12519970,decoy,-19.7
O=C(N[C@H]1C[NH+](Cc2ccccc2)CCC1)CCc1c(C)nc2n(C)nc(OC)c2c1C,ZINC31541923,decoy,-12.33
O=C(NC[C@@H]([NH+]1CCCC1)c1ccc(OC)cc1)c1c2c(n(C(C)C)nc2)nc(C2CC2)c1,ZINC09712441,decoy,-9.8
O=C(OCc1ccccc1)N[C@H](C(=O)N1CCN(c2cc[nH+]cc2)CC1)Cc1ccccc1,ZINC30882719,decoy,-23.21
FC(F)(F)CNC(=O)c1ccc(CN(C(=O)c2[nH]c3c(c2)ccc(OC)c3)C2CC2)cc1,ZINC29383533,decoy,-14.0
O=C(NC[C@H]([NH+](C)C)c1ccccc1)[C@H](C)N1CCN(C(=O)c2cc(C)cc(C)c2)CC1,ZINC27453483,decoy,-12.76
Brc1c(OC)c(S(=O)(=O)NCc2cc(C[NH+](C)C)ccc2)cc(Cl)c1,ZINC26854068,decoy,-13.2
O=C(N1CCCC1)c1c(OC2CC[NH+](C/C=C/c3cc(OC)c(O)cc3)CC2)cccc1,ZINC12703843,decoy,-23.06
Clc1c(OCC(=O)NC[C@H]2[C@@H]3[NH+](CCC2)CCCC3)cc2OC(=O)C=C(CCC)c2c1,ZINC12296311,decoy,-12.81
FC(F)Oc1ccc(CCNC(=O)CN2CCN(Cc3cc4c(OCC4)cc3)CC2)cc1,ZINC15548079,decoy,-17.45
O(C(C)(C)C)C(=O)N1[C@H](C(=O)N[C@H](CC[NH+]2CCN(c3cc(C)ccc3)CC2)C)CCC1,ZINC29444251,decoy,-9.66
O=C(NCCc1n2c(nn1)CC[NH+](Cc1c(C)cc(C)c(C)c1)CC2)COc1ccccc1,ZINC14995853,decoy,-17.64
Clc1cc(NC(=O)CN2CC[NH+](Cc3ccc(C)cc3)CCC2)c(-n2ncnc2)cc1,ZINC10667794,decoy,-20.82
O=C(NCCC[NH+]1CCCCCC1)[C@H](CC)N1C(=O)c2c3c(sc2C(C)=N1)cccc3,ZINC09289331,decoy,-14.94
S(C)c1cc2N(Cc3ccncc3)C(=O)C(C[NH2+]Cc3cc4OCOc4cc3)=Cc2cc1,ZINC20204527,decoy,-18.64
Fc1ccc(-c2c3c(c(C)c4OC(=O)C(CCC(=O)NCCCO)=C(C)c4c3)oc2)cc1,ZINC09215805,decoy,-18.26
S(CC(=O)NC[C@H]1OCCC1)c1c(-c2ccc(F)cc2)[nH]c(-c2cc(OC)ccc2)n1,ZINC08594986,decoy,-16.3
Clc1c(OC[C@H](O)C[NH+]2CCN(Cc3cc4OCOc4cc3)CC2)c(Cl)ccc1,ZINC23354457,decoy,-20.62
Fc1cc(/C=C/2\C(=O)N(CCC(=O)NCCc3c4c([nH]c3)cccc4)C(=O)S\2)ccc1,ZINC13570015,decoy,-19.38
S(CC(=O)NC1CC[NH+](C2CC2)CC1)C=1N(C(C)C)C(=O)c2c(sc3c2CCC3)N=1,ZINC23586116,decoy,-11.85
O=C(N[C@@H](CN1CCOCC1)c1ccc(C)cc1)c1ccc(CN2C[C@@H](C)OCC2)cc1,ZINC25070610,decoy,-13.1
Clc1ccc([C@H]/2N(CC[NH+](CC)CC)C(=O)C(=O)\C\2=C(\O)/c2ccc(C)cc2)cc1,ZINC09043777,decoy,-12.93
FC(F)(F)c1c(CN([C@@H](C(=O)NC=2C(=O)N(N(C)C=2C)c2ccccc2)C)C)cccc1,ZINC22965987,decoy,-16.83
S([C@H]1C[NH+](Cc2ccc(C(=O)OC)cc2)[C@H](C(=O)N(C)C)C1)c1[nH]c2c(n1)cccc2,ZINC11786785,decoy,-18.88
FC(F)(F)c1c(-c2ccc(F)cc2)c2n(C(NCCCN3CCOCC3)=CC(C)=N2)n1,ZINC21799177,decoy,-15.21
S(=O)(=O)(CC)N1CCC([NH2+]Cc2c(-c3cc(C)ccc3)nn(-c3ccccc3)c2)CC1,ZINC30668373,decoy,-13.0
O=C(OCC(=O)NC1c2c(-c3c1cccc3)cccc2)C[C@H](NC(=O)C)c1ccc(C)cc1,ZINC11554288,decoy,-16.79
O=C(NNC(=O)c1ccc(-n2c(C)ccc2C)cc1)/C=C/c1cn(Cc2ccccc2)nc1,ZINC15427267,decoy,-17.01
O[C@H]1C[C@H](O)CC(/C=C\C2CCC(O)CC2)C1,ZINC27644633,decoy,-24.1
N#CC1(C#N)[C@@H](c2[nH]ccc2)[C@@H]2C(C(C#N)=C1N)=CCCC2,ZINC19860523,decoy,-8.36
N[C@@]1(CCC)N=CN=C2N=CN=C12,ZINC05844036,decoy,-16.3
S=C(N/N=C\1/C(=N\O)/CCCC/1)N,ZINC08655156,decoy,-22.86
O(C)c1c2OCOc2c(C[NH3+])c2c1CN(C)CC2,ZINC11919738,decoy,-15.01
O=C1N([C@H]2C=C(CO)CC2)C=CC(=N)N1,ZINC17175204,decoy,-22.75
O=C1NC(NN)=NC(C(C)C)=C1,ZINC26421809,decoy,-18.93
FC(F)(F)C(=N)/C(/F)=C(\N)/C(F)(F)F,ZINC19735103,decoy,-20.39
S=C1N(CC=C)C(N)=C(C(=O)N2CCN(C)CC2)S1,ZINC20235143,decoy,-13.81
O=C1/C(=C\C=C\2/C=C/C(=C(/N)\N)/C=C/2)/C=CC(C(=[NH2+])N)=C1,ZINC12503242,decoy,-29.07
S(C)c1ncnc2n([C@@H]3[C@@H](O)C[C@H](CO)C3)cnc12,ZINC01762893,decoy,-18.66
Clc1cc2nc([C@H]([NH3+])Cc3nc[nH]c3)[nH]c2cc1,ZINC20374757,decoy,-19.47
O=[P@]1(C)[C@]2([NH2+]C3CCCCC3)[C@](O)(CC1)CCCC2,ZINC06268850,decoy,-10.41
O=C1NC(N)=Nc2[nH]c(C[NH+](C)C)cc12,ZINC17107227,decoy,-19.08
O[C@H]1[C@H](N(CC#C)C1)[C@H]1NC1,ZINC23007622,decoy,-12.29
O=C1C(=C)[C@H]2[C@@H](O1)C[C@@]1(C)[C@@H](O)[C@H](O)CC(=C)[C@H]1C2,ZINC15055966,decoy,-14.49
O=C1[C@@H](C)c2c(N1)ccc([C@]13N(C(=O)CC1)CCCN3)c2,ZINC19947476,decoy,-18.55
[NH3+]CC1(N2CCCCCCC2)CC[NH+](C)CC1,ZINC20265348,decoy,-12.07
N(\N)=C/C1=C([C@@H]2NC2)NCC1,ZINC22033045,decoy,-20.68
ONc1nc2nc[nH]c2cn1,ZINC05117034,decoy,-21.8
Nc1nc(C)c(Cc2onc(C)n2)c(C)n1,ZINC26444114,decoy,-25.13
O(C(C)(C)C)C(=O)[C@@H]1CN(N)CCC1,ZINC22007365,decoy,-13.03
O[C@H]([C@H](O)C=1[NH+](C)CC=CC=1)[C@@H]1[NH+](C)CCCC1,ZINC06438044,decoy,-16.44
O=C(N1Cc2c(C[NH3+])noc2CC1)c1cc(C)ccc1,ZINC19676804,decoy,-17.83
Fc1c(N2C[C@H](C(=O)N)CCC2)ccc(N)c1,ZINC20474798,decoy,-26.27
O=C1N(C)c2c(O1)cc(C1=C(C)SC(=[NH2+])N1)cc2,ZINC20393232,decoy,-24.91
N#C[C@H]1[C@@H](c2ccncc2)n2c3c(nc2N[C@@H]1N)cccc3,ZINC20102562,decoy,-15.45
N=C1NOC2=NN=CNCC12,ZINC28563120,decoy,-16.47
O=C(N[C@H]1C[NH+](CC)CCN(C)C1)c1n[nH]c2c1cccc2,ZINC22928228,decoy,-17.0
FC(F)(C(F)F)CO[C@@H]1[C@H]([NH3+])CCC2(OCCO2)C1,ZINC20518130,decoy,-8.41
Fc1c(F)c(F)c([C@H]([C@@H]([NH3+])CC(=O)[O-])C(=O)OC(C)(C)C)c(F)c1F,ZINC21302202,decoy,-10.6
O=C(N)CN1C(=O)N(CCC(C)C)C2(C1=O)CC[NH+](CC(C)(C)C)CC2,ZINC14543762,decoy,-16.55
S(/C(=[NH+]/C(C)(C)C)/N)CC(=O)N(CC(C)C)[C@H]1CS(=O)(=O)CC1,ZINC29500190,decoy,-11.44
O=C1N(CCC2=CCCCC2)C(=O)NC(=O)C1=CNCC[NH+]1CCCCC1,ZINC02892730,decoy,-19.02
O=C(NC1CC[NH+](C2CC2)CC1)COC(=O)c1c(C)c(C(=O)C)c(C)[nH]1,ZINC21673950,decoy,-14.18
Clc1ccc(OCCN2CC[NH+](CCC(=O)NC(=O)NC)CC2)cc1,ZINC29963162,decoy,-19.14
S(=O)(=O)(NC)Cc1ccc(CNC(=O)C[NH+]2C[C@@H](C)C[C@H](C)C2)cc1,ZINC25508438,decoy,-11.32
O=C(NCC1([NH+](C)C)CCCCCC1)CCCN1C(=O)C(C)(C)[N-]C1=O,ZINC21200759,decoy,-7.88
O=C(N[C@H]1C[NH+](CCc2ccccc2)CCC1)CCN1C(=O)NC(=O)C=C1,ZINC14948294,decoy,-22.38
O=C(OCC)c1c(N)[n+](CCCOC)c2N=C3N(C(=O)c2c1)C=C(C)C=C3,ZINC04553101,decoy,-15.2
O=C(NCC(C)(C)N1CCOCC1)CN1CCC(NC(=O)C2CC2)CC1,ZINC30978818,decoy,-13.31
O=C(NCCOC)C=1C(=N)N(CCCC)C=2N=C3N(C(=O)C=2C=1)C=CC=C3,ZINC06593045,decoy,-17.76
O[C@H]1[C@H]([NH2+]Cc2ncccc2)[C@@H]2O[C@H]([C@@H]1N(CCc1ncccc1)C)OC2,ZINC20463998,decoy,-15.16
O=C(N/N=C/c1c2c(ccc1)cccc2)C(=O)NCCCN1CCOCC1,ZINC02264255,decoy,-22.82
O=C(NCC[NH+]1C[C@H](O)CCC1)Cn1c(CN2CCCCCC2)nnn1,ZINC20201915,decoy,-17.28
O=C(Nc1c(C(=O)OCC)c2c(s1)CCC2)C[n+]1c(C(=O)N)cccc1,ZINC15459633,decoy,-23.91
O=C(NC(=O)CN1CCN(C(=O)OCC)CC1)NCCC1=CCCCC1,ZINC07786262,decoy,-14.73
S(/C(=[NH+]/[C@@H](COC)C)/N)CC(=O)N1CCN(C(=O)c2occc2)CC1,ZINC29468401,decoy,-15.43
S(=O)(=O)(NCc1cc(C[NH+](C)C)ccc1)c1cn(C)c(C(=O)NC)c1,ZINC26853882,decoy,-14.03
O=C(NNC(=O)c1oc(COc2ccccc2)cc1)NCc1n(C)ncc1,ZINC26395562,decoy,-20.48
Fc1c([C@@H](NC(=O)CN2[C@@H](CC(=O)OC)C(=O)NCC2)C)ccc(F)c1,ZINC20944009,decoy,-17.82
Fc1ccc(C[n+]2c(NCCCCO)[nH]c3N(C)C(=O)N(C)C(=O)c23)cc1,ZINC06211294,decoy,-22.09
O=C(NC[C@H]([NH+](C)C)c1cc2c(N(C)CC2)cc1)C(=O)NC[C@@H]1OCCC1,ZINC22733843,decoy,-14.31
O=C(Nc1ccc(C[NH+](C)C)cc1)COCC1=Nc2c(C(=O)N1)cccc2,ZINC29951878,decoy,-14.42
S(=O)(=O)(N(C)C)c1cc(C(=O)NC[C@H]([NH+](C)C)c2ccccc2)[nH]c1,ZINC31519834,decoy,-11.97
O=C(NCCOC)[C@@H]1[C@H]2C[C@H](Cn3nnc(C4(O)CCCC4)c3)[NH+](C1)CC2,ZINC08299748,decoy,-12.05
O=C(NCCc1cc(OC)c(OC)cc1)C[NH+]1[C@H]2CC(=O)NC[C@@H]1CCC2,ZINC13563505,decoy,-17.19
S(=O)(=O)(Nc1c(C)ccc(C(=O)NCCC[NH+]2CCC(C)CC2)c1)C,ZINC10112534,decoy,-14.04
O=C(NCC[NH+](C)C)CNC(=O)CN1C(=O)c2c(C)c(C)sc2N=C1,ZINC02924851,decoy,-16.21
O=C(NCC[NH+](CC)CC)N[C@@H]1CN(c2cc3OCCOc3cc2)C(=O)C1,ZINC05201569,decoy,-14.19
O(C)c1ccc([C@@H]2COc3c(cc(O)c(O)c3)C2)cc1,ZINC01607536,decoy,-26.7
Oc1c([C@@H]2Nc3n([C@@H](c4ccccc4)C2)ncn3)cccc1,ZINC01283357,decoy,-15.2
O[C@H]1C[C@@H]2[C@@H]([C@@H]3[C@H]([C@H]4[C@@](C)([C@@](O)(C#C)CC4)CC3)CC2)CC1,ZINC06067697,decoy,-10.19
O=C(N[C@@H]1[C@H](C)CCCC1)c1c(C)c2C(=O)CCCc2[nH]1,ZINC21875456,decoy,-17.85
Clc1c(/C=C(\C#N)/C(=O)N)cc2c(n1)cc(C)c(C)c2,ZINC03175427,decoy,-21.67
O=C1[C@]2(c3ccccc3)NN[C@](CC)(O1)[C@@H]1[C@H]2[C@H]2C[C@@H]1CC2,ZINC19172088,decoy,-9.63
FC(F)(F)C=1c2c(NC(=O)C=1)cc1NCC[C@@H](CC)c1c2,ZINC03821119,decoy,-17.53
O=C1O[C@@](CC)(C)[C@](O)(C)N(c2ccc(C)cc2)N1,ZINC01032301,decoy,-14.54
Clc1c(Cl)nc(Nc2n[nH]cc2)c(Cl)n1,ZINC05125159,decoy,-21.83
O/C/1=C(\O)/CCCCCCCC/C=C\1,ZINC02385011,decoy,-25.73
O=C(Nc1cc2c(cc1)COC2)c1n[nH]c2c1cc(C)cc2,ZINC23581389,decoy,-21.39
S(C)c1nc(N)c2c(sc3c2CC(C)(C)OC3)n1,ZINC00102967,decoy,-12.03
O=C1[C@@H](Nc2cc3c(-c4c(cccc4)C3)cc2)CCCCN1,ZINC21982559,decoy,-18.84
C(Cc1nn2c(SC=3[C@H](C)[NH2+]CCC2=3)n1)(C)C,ZINC28429730,decoy,-10.61
ClCC(=O)N[C@]1(C)[C@@H](c2ccc(O)cc2)CCCC1,ZINC04754071,decoy,-24.77
O(C)c1ccc(-c2c(C#N)c(N)c(C#N)c(C3CC3)c2)cc1,ZINC03191713,decoy,-15.92
Clc1c(Cl)cc2nc(NC(=O)OC)[nH]c2c1,ZINC13284903,decoy,-20.94
Cc1c([C@@H]2N3NC=NC3=[NH+][C@H](c3ccccc3)C2)cccc1,ZINC13131664,decoy,-16.87
S(Cc1[nH]c2c(n1)cccc2)c1nc-2[nH]cccc-2n1,ZINC02503793,decoy,-17.25
Oc1c(/C=N/c2c(C#N)c3c(s2)CN(C)CC3)cccc1,ZINC04739505,decoy,-18.35
N([C@H]1c2c(OCC1)cccc2)c1cc2c([nH]cc2)cc1,ZINC20132796,decoy,-18.84
O[C@H]1[C@]2(O)O[C@@H]2Cc2c1cc1c(c3c(cc1)cccc3)c2,ZINC06118416,decoy,-17.97
Clc1c(Cl)ccc(/C(=N/Nc2n[nH]cn2)/C)c1,ZINC04300247,decoy,-25.6
N(c1ncnc2sc(C)c(C)c12)c1c[nH]nc1,ZINC30587621,decoy,-24.2
Clc1ccc(C(=O)NNC(=C)c2ccc(C#N)cc2)cc1,ZINC03222318,decoy,-21.54
O=C1NC(CN2CCCCC2)=Nc2sc3c(c12)CCCC3,ZINC19794329,decoy,-16.37
Sc1n(c(-c2[nH]c3c(c2)cccc3)nn1)-c1ccccc1,ZINC06508569,decoy,-19.06
Clc1c(C)ccc(NNC=2C(=O)OC[C@@H](C)N=2)c1,ZINC05730612,decoy,-22.12
Clc1c(NCC=2C(=O)Nc3c(C)cccc3C=2)cccc1,ZINC12492366,decoy,-20.81
Clc1cc(N)c(-c2onc(Cc3ncccc3)n2)cc1,ZINC19232990,decoy,-21.17
O=C(O[C@@H]1CC=2[C@](C)([C@H]3[C@H]([C@@H]4[C@](C)([C@@H](NC(=O)[C@H]5[NH2+]CCC5)CC4)CC3)CC=2)CC1)C,ZINC04916874,decoy,-10.0
O=C1[C@@H]2C(C)=C([C@H](C)[C@H]3[C@H](O)C[C@H](C)C[NH2+]3)CC[C@H]2C2=C1[C@@]1(C)C(=CC2)C[C@@H](O)CC1,ZINC04008416,decoy,-11.87
O=C(NC1CC(C)(C)[NH2+]C(C)(C)C1)[C@@H](Oc1c2c(OC(=O)C3=C2CCC3)cc(C)c1)C,ZINC05246185,decoy,-12.86
Brc1cc2c(CC(=O)NNC(=O)c3c4c([nH]c3)cccc4)c(C)[nH]c2cc1,ZINC31577986,decoy,-22.14
BrC12CC3(C(=O)NCC(C)(C)N4C[C@@H](C)O[C@H](C)C4)C[C@@H](C1)C[C@@H](C2)C3,ZINC21057188,decoy,-9.95
O=C1[C@H]2[C@]3(C)C(=CC[C@H]2[C@H]2C1=C(C)[C@]1([C@@H](C)[C@@H]4[NH2+]C[C@H](C)C[C@H]4O1)CC2)C[C@H](O)CC3,ZINC05735881,decoy,-10.54
Clc1ccc(CCNC(=O)[C@H]2[C@@]3(C(=O)N(C)c4c3cccc4)[NH+]3[C@H](C2)CCC3)cc1,ZINC20513673,decoy,-18.25
Brc1cc([C@@H]2C(C#N)C(=N)C(C#N)(C#N)C=3[C@H]2C[NH+](CCC)CC=3)ccc1,ZINC08396465,decoy,-13.78
Fc1ccc(N2CCN(Cc3cc4c(OCC[NH+](C5CCOCC5)C4)cc3)CC2)cc1,ZINC11790182,decoy,-16.69
Fc1c(C[C@@H]([NH3+])CC(=O)N2Cc3c(C)n(-c4ccc(F)cc4)nc3CC2)cc(F)cc1,ZINC14948948,decoy,-15.39
O=C1C(c2[nH]c3c(c2)cc(C[NH+]2CCCCC2)cc3)=Cc2c(N1)ccc(-n1cncc1)c2,ZINC28604110,decoy,-18.4
O=C1N(C)[C@@H]2[C@@](C)([C@H]3[C@H]([C@@H]4[C@@](C)([C@@H]([C@@](O)(C[NH2+]C(C)(C)C)C)CC4)CC3)CC2)CC1,ZINC14904377,decoy,-6.34
O(C)c1c(O)c(Oc2c(OC)cc3c([C@@H](C)[NH+](C)CC3)c2)c2[C@@H](C)N(C)CCc2c1,ZINC03851972,decoy,-10.24
Fc1c(/C=C\2/C(=O)Nc3c(S/2)ccc(C(=O)NC[C@@H]2[NH+](CC)CCC2)c3)cccc1,ZINC04925624,decoy,-18.57
O(C)c1c2-c3c(O)ccc(c3)CC[C@H](O)C[C@H]3[NH2+][C@H](C[C@H](O)CCc(c2)cc1)CCC3,ZINC14584178,decoy,-20.68
O[C@@H]1[C@H]([C@@H](C)C2=C(C)C=3[C@H]([C@@H]4[C@H]([C@]5(C)C(=CC4)C[C@@H](O)CC5)C=3)CC2)[NH2+]C[C@H](C)C1,ZINC08241685,decoy,-13.62
N(c1nc(CN2CCOCC2)nc2sc3c(c12)CCC3)C1CC(C)(C)[NH2+]C(C)(C)C1,ZINC22875146,decoy,-10.95
O=C(NC1CC(C)(C)[NH2+]C(C)(C)C1)CCC=1C(=O)Oc2c(C=1C)cc1c(C)coc1c2,ZINC02095682,decoy,-11.84
Clc1c(OCC(=O)NC2CC(C)(C)[NH2+]C(C)(C)C2)c2nc(C)ccc2c(Cl)c1,ZINC06786909,decoy,-12.77
Clc1c(O[C@@H](C(=O)NC2CC(C)(C)[NH2+]C(C)(C)C2)C)cc2OC(=O)C(C)=C(C)c2c1,ZINC13557657,decoy,-15.77
Brc1cc2c(c(C[NH+]3C[C@@H](O)c4c(OC)ccc(OC)c4C3)c(O)cc2)cc1,ZINC29543372,decoy,-17.75
Br[C@@H]1C(=O)[C@@]2(C)C(C)(C)[C@]1(C(=O)NC1CC(C)(C)[NH2+]C(C)(C)C1)CC2,ZINC01834902,decoy,-4.18
O=C(NC1CCCC1)c1c(C)oc2c1c(C[NH+]1[C@H]3CC(C)(C)C[C@@](C)(C1)C3)c(O)cc2,ZINC05182760,decoy,-6.23
O=C(NC1c2c(-c3c1cccc3)cccc2)C=1C(=O)NC(C[NH+]2CCCCCC2)=CC=1,ZINC12150254,decoy,-15.91
O[C@H]1[C@@H]2[C@@](C)([C@@H]3[C@H]([C@]4(O)[C@H]([C@H]5[C@@H]([C@@H](C)[C@H]6[NH+](C[C@H](C)CC6)C5)CC4)C3)C1)CC[C@@H](O)C2,ZINC28539595,decoy,-8.23
S=C1N(c2ccc(F)cc2)C(C(=O)/N=C/2\SC=C(C[NH+]3C[C@@H](C)CCC3)N\2)=CN1,ZINC28677869,decoy,-13.23
O=C1[C@H](C[NH+]2CCC(O)(Cc3ccccc3)CC2)[C@H]2[C@H](O1)C[C@@]1(C)C(C(C)=CCC1)=C2,ZINC08470260,decoy,-11.85
O=C(NC1CC(C)(C)[NH2+]C(C)(C)C1)CC=1C(=O)Oc2c(C)c3occ(C)c3cc2C=1C,ZINC06623686,decoy,-12.91
Fc1c(N2CCN([C@H]3[C@H](O)C[NH+](Cc4c5c(ncc4)cccc5)CC3)CC2)cccc1,ZINC20513568,decoy,-19.17
Oc1c2O[C@H]3[C@@H]4N(C)c5c([C@@H]4C[C@@]4(O)[C@H]6[NH+](CC7CC7)CC[C@@]34c2c(cc1)C6)cccc5,ZINC31996522,decoy,-13.88
O(C)c1c(O)ccc2c3c(OC)cc(O)cc3ccc12,ZINC05999044,decoy,-26.78
Fc1c(Oc2cc3OC(=O)C=C(C)c3cc2)ccc(N)c1,ZINC20474911,decoy,-24.03
NC=1[C@]2(N=C(c3ccccc3)OC2)N=C(c2ccccc2)N=1,ZINC27562633,decoy,-22.58
O(C)c1cc2c(OC(=N)C(c3[nH]c4c(n3)cccc4)=C2)cc1,ZINC00248542,decoy,-20.12
O=C(NC1CC1)c1sc2c(c(O)nc3c2cccc3)c1,ZINC09704978,decoy,-25.66
O=C1N(N)C(CC(C)C)=Nc2sc3c(c12)CCC3,ZINC16856500,decoy,-17.43
O=C1C(Cc2c(C)cc(C)cc2C)=C(C)NC(=O)N1,ZINC16886250,decoy,-17.74
O=C1C=2[C@@H]3C[C@]([NH2+]C(C)C)(OC=2CC(C)(C)C1)CCC3,ZINC04267915,decoy,-9.06
O/N=C(\C=N\O)/C12CC3CC(C1)CC(C2)C3,ZINC00300547,decoy,-20.44
O=C(N[C@@H](C)[C@H]1OCCC1)c1[nH]c2c(c(C)cc(C)c2)c1,ZINC27886210,decoy,-18.42
Clc1cc([C@@H]2NN=C(c3oc(C)cc3)C2)c(O)cc1,ZINC20390563,decoy,-18.82
Clc1c(C(F)(F)F)cc(NC2=NC=CC(=O)N2)cc1,ZINC01281286,decoy,-21.83
N(c1ncnc2[nH]ncc12)c1cc2c(cc1)cccc2,ZINC04844400,decoy,-28.44
Oc1ccc(-c2c(CC3CC3)c3nccnc3[nH]2)cc1,ZINC13492977,decoy,-24.82
O(C)c1ccc(/N=C\2/SSC(N)=N/2)cc1,ZINC05733186,decoy,-24.85
O=C1N(C(C)C)[C@@]2(O)[C@@H](C3(N1)CCCCC3)CCCC2,ZINC12409911,decoy,-8.26
Fc1c(NNC(=O)[C@@H]2[C@H]3C[C@@H](C2)CC3)c(F)c(F)nc1F,ZINC23621062,decoy,-20.31
O=C(N[C@H]1C[C@H](C)CCC1)c1cc2c(NC(=O)CCC2)cc1,ZINC31132776,decoy,-24.3
O=C1C(N/N=C/C=C\c2ccccc2)=Nc2c(N1)cccc2,ZINC12959440,decoy,-20.58
FC(F)(F)c1ccc([C@@]2(O)C[C@@H]3[NH+](CC2)CCCC3)cc1,ZINC06093237,decoy,-11.56
O=C(OC)c1c2c(-c3c(cc(N)cc3)C2)ccc1,ZINC01638398,decoy,-20.83
O=C(Nc1c(O)ccc(C)c1)c1noc2c1CCC2,ZINC00426290,decoy,-19.56
O=C1N[C@@H](c2ccccc2)c2c(-c3ccccc3)n[nH]c12,ZINC00052435,decoy,-14.91
Oc1ccc([C@@H](Nc2cc3OCOc3cc2)C)cc1,ZINC19966233,decoy,-25.37
Oc1c(C[NH+]2CCN(C)CC2)c(C)nc2c(C)cc(C)cc12,ZINC08663744,decoy,-13.02
FC(F)(F)[C@H](O)CNc1ncnc2sc(C)c(C)c12,ZINC30777325,decoy,-20.87
O[C@@H]1[C@@H](O)c2c([C@@H]3O[C@H]13)c1c(C)cc3c(c1cc2)cccc3,ZINC05765276,decoy,-20.78
Clc1ccc(Cn2ncc3c2ccc(N)c3)cc1,ZINC08699381,decoy,-23.54
O=C(Nc1c(C)cccc1)NC1=C(C#N)[C@H](C)[C@@H](C)S1,ZINC28579332,decoy,-16.2
c1(-c2c(-c3[nH]ccn3)cccc2)onc(-c2ncccn2)n1,ZINC20866977,decoy,-19.77
O=C(OCC)c1c(C)oc2nc(CN3C[C@@H](O)CCC3)nc(O)c12,ZINC23700634,decoy,-17.27
O=C(OC)CC1=C(O)N(Cc2[nH]c3c(n2)cccc3)C=CC1=O,ZINC05625579,decoy,-16.49
O(C)c1nc(NN/C=C(\C#N)/c2scc(C)n2)ncc1,ZINC32079917,decoy,-19.52
O(C(OC)C1=C(Cc2c3c(ccc2)cccc3)C(=O)N=C(N)[N-]1)C,ZINC17021294,decoy,-18.52
O=C(N/N=C/c1c(O)c(CC=C)ccc1)C1=NNC(=O)C=C1,ZINC05296459,decoy,-22.73
O=C(NC(=O)c1[nH]ccc1)COC(=O)c1ccc(C)cc1,ZINC29298822,decoy,-21.16
O=C(N=NC(=C)CC)c1c(C)c2c(c(N(O)O)ccc2)[nH]1,ZINC05824561,decoy,-22.14
O=C(OCC)c1c(N=Nc2c(C)[nH]nc2C)[nH]cn1,ZINC06160243,decoy,-16.19
O(Cc1ccc(/C(=N/O)/N)cc1)c1cc2OCOc2cc1,ZINC19843665,decoy,-29.31
O=C(N)COC(=O)C1=NN(c2c(C)ccc(C)c2)C(=O)CC1,ZINC09397637,decoy,-25.67
O(CCN1CN=C(Nc2nc(C)c3c(n2)cccc3)NC1)C,ZINC19330310,decoy,-17.37
Clc1nc(N)nc2n([C@@H]3C=C[C@H](COC(=O)OC)CC3)cnc12,ZINC01857324,decoy,-19.03
Clc1ccc(N2C(=O)C=C(NN)C(C(=O)OC)=N2)cc1,ZINC01387922,decoy,-19.44
O=C(NN/C=C/1\C(=O)CC(C)(C)CC\1=O)Cc1c2c([nH]c1)cccc2,ZINC28979893,decoy,-19.83
S(CC(=O)NC1CCCCC1)c1c([N+](=O)[O-])c(C)[nH]n1,ZINC13132986,decoy,-16.52
O=C(OC)c1oc(CC(=O)c2c(O)cc(O)cc2O)cc1,ZINC00189368,decoy,-21.63
O(C)c1c(N/N=C(/C#N)\C(=N)N2CCOCC2)cccc1,ZINC02904699,decoy,-17.94
Oc1nc(NN[C@@H](C#N)c2ccc(O)cc2)nc(C)c1,ZINC16958263,decoy,-25.61
O=C1C(CCC)=C(C)N=C(NC2=NC(C)=C(CC)C(=O)N2)N1,ZINC25489060,decoy,-20.23
O=C(NC(=O)COC(=O)C1CC1)N[C@@H]1[C@H](C)[C@H](C)CCC1,ZINC10730522,decoy,-14.26
O=C(N/N=C/[C@H]1CC=CCC1)C(=O)N/N=C/[C@@H]1CC=CCC1,ZINC13987508,decoy,-23.24
Fc1c(CCC(=O)NNc2nc(O)c(C)nn2)cccc1,ZINC21127744,decoy,-24.95
O=C(N/N=C(\C)/c1ccc(OC)cc1)Cc1c(C)[nH]nc1O,ZINC04637594,decoy,-26.27
O=[N+]([O-])c1c(Cn2c(/C=N\NC(=O)N)ccc2)cccc1,ZINC31729040,decoy,-26.14
Clc1c(OC)c(OC)cc(CNc2n[nH]nn2)c1,ZINC05019216,decoy,-21.94
O=C(N/N=C/c1cc(OCC)c(O)cc1)c1ccc(O)cc1,ZINC00231662,decoy,-29.45
Clc1nc(N/N=C/c2c(O)c(C)ncc2CO)ccc1,ZINC04181644,decoy,-20.54
S(CC(=O)/C(/C#N)=C(/N)\C)c1[nH]nc(C2CCCC2)n1,ZINC14854635,decoy,-16.16
O=C(OCC)C=1C(=O)/C(=C/c2c(O)c(OC)ccc2)/NC=1C,ZINC13520765,decoy,-19.51
S([C@@H](C(=O)NC(=O)NCC)C)c1nc(C(C)C)n[n-]1,ZINC21262644,decoy,-13.66
O=C(N)c1c(/N=C/c2c(O)ccc3c2cccc3)sc2c1CCCC2,ZINC03114481,decoy,-26.17
FC(F)(F)c1c(O)ccc(-c2c(C)c3c(cc(O)c(O)c3)cc2C)c1,ZINC06522250,decoy,-27.39
Clc1cc(/C=N/Nc2c3c([nH+]c4c2cccc4)cccc3)c(O)cc1,ZINC13284056,decoy,-21.83
Nc1nn2[C@H](c3ccc(C(C)C)cc3)C[C@H](c3ccc(C)cc3)Nc2n1,ZINC02472367,decoy,-18.21
Oc1c(C)cc(C(c2c(C)cc(O)c(C)c2)c2ccc(O)cc2)c(C)c1,ZINC04714380,decoy,-23.04
N(c1ncnc2scc(-c3cc(C)c(C)cc3)c12)c1ccc(N)cc1,ZINC20322143,decoy,-24.5
Clc1c(C)ccc(NNC(=O)c2[nH]c3c(C)c(C)cc(C)c3c2)c1,ZINC28994250,decoy,-20.26
S(/C(=N/c1c(C)ccc(C)c1)/N)Cc1c2OCOCc2cc(F)c1,ZINC15456997,decoy,-19.92
N#CC=1[C@H](c2ccc(CC)cc2)c2c(-c3ccc(C)cc3)n[nH]c2OC=1N,ZINC05489505,decoy,-9.68
Oc1c([C@]23Oc4c(C5([C@H]2CCC3)CCCC5)ccc(O)c4)ccc(O)c1,ZINC01079809,decoy,-21.21
S=C(N/N=C\1/[C@]2(C)[C@@H]([C@H]3[C@@H]([C@]4(C)[C@H](CC3)CCCC4)CC2)CC/1)N,ZINC06779780,decoy,-15.51
O(C)c1cc2c3c(C)c4c(NCC(C)C)[nH+]ccc4c(C)c3[nH]c2cc1,ZINC06069474,decoy,-16.78
[NH+](Cc1nc(N)c2c(sc3c2CCCCC3)n1)(C)C1CCCCC1,ZINC22010023,decoy,-13.49
O=C(NNC(=C)c1cc2c(cc1)cccc2)c1c(O)cc2c(c1)cccc2,ZINC01954361,decoy,-27.01
Oc1c([C@H]2Nc3c([C@H]4[C@H]2CC=C4)cc(Nc2ccccc2)cc3)cccc1,ZINC20706729,decoy,-18.69
OC1=N[C@@H](c2[nH]ccc2)Nc2sc3c(c12)CC[C@H](C(CC)(C)C)C3,ZINC04554578,decoy,-9.78
O=C([N-]c1nc(-c2ccc(C)cc2)[nH]n1)c1[nH]c2c(c(C)cc(C)c2)c1,ZINC28856624,decoy,-16.75
Oc1cc(-c2c(c(-c3[nH]c4c(n3)cccc4)n[nH]2)-c2ccccc2)ccc1,ZINC06567042,decoy,-20.39
N(N)c1ncnc2c1sc1nc(-c3ccccc3)c3c(c21)CCCC3,ZINC00540813,decoy,-23.73
Clc1ccc(Oc2c(C)[nH]nc2-c2c(O)cc(O)c(CC)c2)cc1,ZINC07735922,decoy,-16.5
O=C(Nc1c(C)c(C)ccc1)Nc1c(-c2[nH]c3c(c2)cccc3)cccc1,ZINC13351329,decoy,-18.94
Clc1c(C)cc(NC(=O)c2[nH]nc(-c3c(O)cc(C)cc3C)c2)cc1,ZINC08845375,decoy,-19.76
O=C1N[C@@H](c2c(-c3ccccc3)[nH]c3c2cccc3)Nc2c(C)cccc12,ZINC28923691,decoy,-20.99
O[C@H](C(=C)C)CC[C@@]1(C)Oc2c(C)cc3c([nH]c4c3cccc4)c2C=C1,ZINC01634351,decoy,-16.78
Clc1c(Cl)ccc(NC(=O)Nc2c3c(c(O)ccc3)ccc2)c1,ZINC00388952,decoy,-23.24
Clc1cc(CN(Cc2nc(N)c3c(C)c(C)sc3n2)C)ccc1,ZINC24831640,decoy,-19.35
O=C(Nc1c(C)cccc1)c1c(N)c2c(s1)nc1c(c2)ccc(C)c1,ZINC00422392,decoy,-18.04
O=C(NCc1cc2c([nH]c3c2CCCC3)cc1)c1c2c(ccc1)cccc2,ZINC04138219,decoy,-18.8
Clc1cc2c([nH]c3C(N=Nc4c([O-])[nH]c5c4cccc5)=CCCc23)cc1,ZINC06112574,decoy,-18.56
Clc1cc(C(=O)Nc2c(C(=O)N)c3c(s2)CCCCC3)ccc1,ZINC04176848,decoy,-20.12
Fc1c(CN2C(=O)N3C(=N2)C=CC=C3)ccc(C[NH3+])c1,ZINC19386059,decoy,-20.46
O(C)c1cc2c(N)c3c([nH+]c2cc1)cc(N)cc3,ZINC05586893,decoy,-23.25
Fc1ccc(-n2ncc3c(NN)[nH+]cnc23)cc1,ZINC13720335,decoy,-22.17
[NH2+]=C(N/N=C(\C)/c1c2c(ccc1)cccc2)N,ZINC17014191,decoy,-25.86
C(Cc1c(C)c2c3nc[nH]c3ccc2[nH]1)[NH+]1CCOCC1,ZINC00519829,decoy,-18.49
O(C)c1c(OC)ccc(C2(C#N)CCC([NH3+])CC2)c1,ZINC16850016,decoy,-12.52
[NH3+]C[C@]1(N2CCOCC2)c2c(c(C)cc(C)c2)OCC1,ZINC11587733,decoy,-9.8
Brc1cc(CNc2cc[nH+]cc2)c(O)cc1,ZINC04290990,decoy,-23.62
O[C@@H]1c2c([C@H](c3ccc(O)cc3)[NH2+]C1)ccc(O)c2,ZINC31282830,decoy,-27.16
Oc1c2ncccc2c(C/[NH+]=C\2/NC=CC(C)=C/2)cc1,ZINC08549575,decoy,-22.48
S(Cc1oc2c(n1)cccc2)c1[nH+]c(N)cc(N)n1,ZINC31819566,decoy,-25.23
[NH3+][C@H](Cc1nc2SC=C(c3sccc3)n2c1)C,ZINC11630940,decoy,-17.59
O=C(NN[C@@H]1[C@@H](C(C)C)CC[C@H](C)C1)N,ZINC01596276,decoy,-23.9
O=C(N/N=C\1/[C@H](CC=C)CCCC/1)N,ZINC16037531,decoy,-24.07
O=C1C[C@@]2(CC[NH+](C)C)[C@@H](C=Cc3c2c(O)c(O)cc3)CC1,ZINC01560165,decoy,-18.7
O=C(NNC1=CCCC1)c1n[nH]c2c1CCCC2,ZINC06855150,decoy,-19.0
Oc1c2[C@H]([NH2+][C@H]3C4CCN(C3)CC4)C[C@H](C)c2c(C)cc1,ZINC19947785,decoy,-12.36
Fc1c(N)cc(NC(=O)C[NH+]2[C@H](C)CCCC2)cc1,ZINC22152398,decoy,-21.48
[NH3+]Cc1c(C)nc(Cc2sc(C)c(C)n2)s1,ZINC20273807,decoy,-14.69
[NH3+]CCNc1c(C#N)c2c(c(C)n1)CCCC2,ZINC20573222,decoy,-13.13
S(c1c(C(=[NH2+])N)cccn1)c1scc(C)n1,ZINC19863606,decoy,-20.63
O=C(N[C@@H]1C[C@H](c2ccccc2)[C@@](O)(c2ccccc2)C1)N,ZINC04962171,decoy,-23.81
OCCC[C@]1(C)[C@@H](O)CC[C@H]2[C@H]1CC[C@]1(C)[C@@H](O)CC[C@@H]21,ZINC06824765,decoy,-9.84
Fc1c(C)cc(-c2[nH]nc(C[NH3+])c2)cc1,ZINC20270446,decoy,-16.7
O=C1N(C[C@H]([NH3+])c2ccccc2)C=Nc2c1cccc2,ZINC20295937,decoy,-17.19
[NH3+][C@H](CN(C)C)C12CC3CC(C1)CC(C2)C3,ZINC23069973,decoy,-10.21
O(C)c1ccc(-c2c(C[NH+]3C[C@@H](O)CCC3)c[nH]n2)cc1,ZINC13568244,decoy,-18.62
S(CC[NH3+])c1nc(O)c2c(n1)CCC2,ZINC20396641,decoy,-14.69
Clc1c(Cl)ccc(/[NH+]=C(\N)/N)c1,ZINC25665052,decoy,-20.05
S(/C(=[NH+]/C(C)C)/N)CC(=O)N1[C@@H](C)CCCC1,ZINC29554044,decoy,-13.96
Brc1cc([C@@H]2Oc3c(/C(=N/NC(=S)N)/C2)ccc(C)c3)c2OCOCc2c1,ZINC09357392,decoy,-25.49
O=C(N1CCN(C)CC1)c1c2N[C@@H](c3c(O)ccc4c3cccc4)[C@H]3[C@@H](c2ccc1)C=CC3,ZINC14548107,decoy,-15.67
O=C(N1Cc2c3c([nH]c2CC1)ccc(C)c3)[C@H]1N(C(=O)C23CC4CC(C2)CC(C3)C4)CCC1,ZINC25922879,decoy,-10.43
Clc1cc(NC(=O)[C@H]2[C@]3(C(=O)Nc4c3cc(Cl)cc4)N3[C@@H](C2)CCC3)c(OC)cc1,ZINC15973234,decoy,-18.35
O=C1[C@@]2(O)[C@]3(C)[C@H](C=CC2=C2[C@]4([C@@H]([C@H](C)[C@H]([C@@H](O)[C@@H](C(C)C)C)C4)CC2)C1)CC(=O)CC3,ZINC32038210,decoy,-9.28
Clc1c(OCc2oc([C@H]3C(C#N)(C#N)C(=N)C(C#N)C=4[C@@H]3CCCC=4)cc2)ccc(F)c1,ZINC08441424,decoy,-13.54
Clc1ccc(CN2C(=O)[C@]3(C(C#N)=C(N)Oc4[nH]nc(C(C)C)c34)c3c2cccc3)cc1,ZINC09281351,decoy,-5.91
FC(F)(F)c1ccc([C@H]2N3[C@H](C(=O)OC)Cc4c5c([nH]c4[C@H]3C[C@H](O)C2)cccc5)cc1,ZINC15673852,decoy,-16.76
Brc1cc2[C@@H]3[C@@H](C(=O)Nc4c(C)cc(C)cc4)[C@](C)(Oc2cc1)NC(=S)N3,ZINC20641590,decoy,-16.96
O=C(NC1c2c(-c3c1cccc3)cccc2)C=1C(=O)NC(CN2Cc3c(cccc3)CC2)=CC=1,ZINC12209560,decoy,-20.08
O=C(/N=C/1\SC=C(CN2C[C@H](C)O[C@@H](C)C2)N\1)c1c2[nH]c3c(c2ccc1)CCCCC3,ZINC30584871,decoy,-9.8
O=C(Nc1cc2c([nH]cc2)cc1)CC=1C(=O)Oc2c(c(OC)cc3OC(C)(C)CCc23)C=1C,ZINC13735347,decoy,-13.75
Clc1c(NC(=O)[C@H]2[C@H](N(C)C(=O)c3c2cccc3)c2c3c([nH]c2)cccc3)ccc(F)c1,ZINC02469303,decoy,-18.67
O=C1N(c2ccccc2)NC=2NC3=C([C@H](c4sc(C)cc4)C1=2)C(=O)C[C@@H](c1occc1)C3,ZINC18200822,decoy,-17.05
O=C1C=C2C(=C3[C@H](c4ccc(N(C)C)cc4)C[C@@]4(C)[C@](O)(/C=C/CO)CC[C@H]4[C@@H]3CC2)CC1,ZINC21985225,decoy,-19.31
Clc1c(Cl)cccc1/N=C\1/S/C(=C\c2c(C)n(c(C)c2)-c2cc[nH+]cc2)/C(=O)N/1,ZINC14009061,decoy,-21.41
Brc1ccc([C@H]2N(CC(=O)NC3CCCCC3)CC[C@@]3(O)[C@H]2CCCC3)cc1,ZINC20410326,decoy,-14.49
S=C1N=C2NC3=C([C@H](c4cc(Oc5ccccc5)ccc4)C2=C([O-])N1)C(=O)CC(C)(C)C3,ZINC17195158,decoy,-6.93
Brc1c(OC)ccc([C@@H]2C(C#N)=C(N)Oc3n(-c4ccccc4)nc(C)c23)c1,ZINC01295708,decoy,-12.24
Clc1cc2[C@]3(C(=O)Nc2cc1)c1c(n(-c2ccc(OC(F)(F)F)cc2)nc1)NC(=O)C3,ZINC32097181,decoy,-15.59
Clc1cc(Cl)cc(NC(=O)[C@@H]2N(C(=O)c3cc4c(NC(=O)CCC4)cc3)CCC2)c1,ZINC25150008,decoy,-24.48
Clc1c(F)ccc(-c2nc([C@H]3N(C(=O)NC4CCCCC4)Cc4nc[nH]c4C3)on2)c1,ZINC15707307,decoy,-17.6
S=C1N(c2ccccc2)C(C(=O)/N=C\2/SC3=C(N/2)CCN(Cc2ccccc2)C3)=CN1,ZINC22283627,decoy,-13.78
Clc1c(N2C(N)=C(C#N)[C@@H](c3cnccc3)C=3C(=O)CCCC2=3)cc(C(F)(F)F)cc1,ZINC00713607,decoy,-11.26
Br[C@@H]1C(=O)C[C@@]23[C@@H]([C@@H](N(C)CC2)Cc2c(Br)cc(C)c(O)c32)C1,ZINC16980348,decoy,-14.26
O=C(CN1CCN(c2c(O)cccc2)CC1)N1CC=C(c2c3c(c(CC)ccc3)[nH]c2)CC1,ZINC25519706,decoy,-13.23
Clc1c(Cl)c(Cl)c2O[C@@]34SC(=N)C(C(=O)N)[C@@]3(Oc2c1Cl)CCCC4,ZINC09193865,decoy,-12.44
Brc1cc(-c2oc([C@@H]3N=C(O)c4c(sc5c4CC[NH+](C)C5)N3)cc2)ccc1,ZINC09804766,decoy,-21.92
Clc1c(COc2cc([C@@H]3C(C#N)=C(N)OC4=C3C(=O)OC(C)=C4)ccc2)c(F)ccc1,ZINC03616862,decoy,-13.9
Brc1cc2[C@@]3(C(=O)N(CC=C)c2cc1)NCCc1c2c([nH]c31)ccc(OC)c2,ZINC09935747,decoy,-19.42
S(=O)(=O)(NNC1=[NH+]c2c([C@H](c3ccccc3)N1)cccc2)c1ccc(C)cc1,ZINC05746427,decoy,-19.06
Clc1cc2c([nH]c3[C@H](c4c([N+](=O)[O-])cc(OC)c(OC)c4)[NH2+]CCc23)cc1,ZINC06169936,decoy,-16.74
O(Cc1ccccc1)c1c(OC)cc([C@H]2C(C#N)=C(N)Oc3n[nH]c(C)c23)cc1,ZINC06663971,decoy,-9.86
Fc1ccc(N2CCN(CC3=NC(N)=[NH+]/C(=N\c4ccc(C)cc4)/N3)CC2)cc1,ZINC01276659,decoy,-23.13
O=[N+]([O-])c1cc([C@@H](/[NH+]=C/2\NC=CC(C)=C\2)c2c(O)c3ncccc3cc2)ccc1,ZINC06430784,decoy,-17.48
O=C(N)[C@@H]1N(c2ccccc2)N=C(C(=O)N[C@@H](C)c2cc3c(cc2)cccc3)C1,ZINC31405242,decoy,-23.67
O(C)c1c([C@H]2N=C(NCc3ccccc3)N=C3N2C(O)=CC(=C)N3)cccc1,ZINC20555797,decoy,-21.76
Clc1c(O[C@H](C(=O)N/N=C(\C)/c2c(O)ccc(O)c2)C)ccc(Cl)c1,ZINC20115255,decoy,-29.16
O=C(NCC1([NH+](C)C)CCCCCC1)CC1=NC(=O)c2c(C)c(C)sc2N1,ZINC27336850,decoy,-11.88
S(C(=[NH2+])Nc1cc(C)cc(C)c1)CC1=C2C(OC(O)=C1)=CC(=NC(=O)C)C=C2,ZINC25864608,decoy,-22.22
S(=O)(=O)(N)c1ccc(CCNc2ncnc3sc4c(c23)CCCC4)cc1,ZINC03290694,decoy,-22.52
O=C(NNC(=O)c1c(C(=O)c2ccccc2)cccc1)c1n[nH]c2c1CCCC2,ZINC14519619,decoy,-17.25
O=[N+]([O-])c1c(N2CC[NH+](Cc3c4c(ccc3)cccc4)CC2)ccc(C(=O)N)c1,ZINC18060342,decoy,-29.86
O=C(NN[C@@H]1N(C(=O)c2ccccc2)N=C(c2c(O)cccc2)C1)c1ccccc1,ZINC01504445,decoy,-21.56
O=[N+]([O-])c1cc(C(=O)NNC(=O)c2[nH]c3c(c2)ccc(C(C)(C)C)c3)ccc1,ZINC29054766,decoy,-12.19
N(Nc1[nH+]c(N2CCCC2)nc(N2CCCC2)n1)/C=C/1\C(C)=N[C@H]2[C@@H]\1C=CC=C2,ZINC06358962,decoy,-17.57
O(CCN1[C@H](c2cc(O)ccc2)c2c(-c3c(O)c(C)cc(C)c3)n[nH]c2C1=O)C,ZINC05926716,decoy,-15.98
S=C(NC(=O)c1c(OC)cc2c(c1)cccc2)[N-]c1cc2NC(=O)Nc2cc1,ZINC06247782,decoy,-21.22
FC(F)(F)C(=O)[C@H]1[C@@H](c2ccc(O)cc2)NC(=O)N[C@]1(O)c1ccc(C)cc1,ZINC27753953,decoy,-22.66
S(CC(=O)/C(/C#N)=C/1\Nc2c(N\1)cccc2)c1[nH]c(-c2ccc(F)cc2)cn1,ZINC26569430,decoy,-21.24
O=C(N/N=C/c1cc(O)c(OC)cc1)c1[nH]nc(C23CC4CC(C2)CC(C3)C4)c1,ZINC13154663,decoy,-20.66
O=C(N)c1c(O)ccc(C=2N(/C(=N/c3ccc(OC)cc3)/SC=2)C2CC2)c1,ZINC15352998,decoy,-25.68
O=C(NC1CCCCCCC1)COC(=O)c1c(N)c2c(C)nc(C)nc2s1,ZINC29212197,decoy,-12.77
O(CC)c1ccc(-c2n[nH]c3OC(N)=C(C#N)[C@H](/C(=C/c4occc4)/C)c23)cc1,ZINC04897871,decoy,-10.82
Clc1c(C)ccc(NNC(=O)c2c(Cl)ccc(S(=O)(=O)NC)c2)c1,ZINC30551958,decoy,-20.28
O=C(NN1C(=O)[C@@H](Cc2c3c([nH]c2)cccc3)[N-]C1=O)c1ccc(C(C)C)cc1,ZINC28849269,decoy,-12.63
S(=O)(=O)(NCc1ccc(C)cc1)c1c(C)c(C)cc(C2=NNC(=O)C=C2)c1,ZINC21718461,decoy,-20.61
O([C@@H](C(=O)Nc1ncnc2nc[nH]c12)C)C(=O)c1c2c(sc1)C[C@@H](C)CC2,ZINC26230495,decoy,-21.85
S([C@H](C(=O)NC(=O)NC12CC3CC(C1)CC(C2)C3)C)c1nc(C(C)C)n[n-]1,ZINC21319333,decoy,-9.84
Brc1cc2[nH]c(C(=O)OCc3nc(N(C)C)nc(N)n3)cc2cc1,ZINC31416249,decoy,-27.96
OC(C#CC[NH+]1[C@H](C)C/C(=N\N)/[C@H](C)C1)(C)C,ZINC16038227,decoy,-15.78
O(C[C@H]1OCCCC1)[C@H]1[C@@H]([NH3+])CCC2(OCCO2)C1,ZINC19405803,decoy,-9.84
O[C@H]1[C@H]([NH2+]C2CCC2)CCc2c(O)c(O)ccc12,ZINC06091788,decoy,-26.4
S=C(N/N=C/1\[C@H](c2[n+](C)cccc2)CCCC\1)N,ZINC15953151,decoy,-21.44
FC(C(C(=[NH2+])N)N1CC1)=C,ZINC29755498,decoy,-24.24
OCC[C@H]1[NH2+]C(C)(C)C[C@H]2[C@@H]1[C@@H](O)CC2,ZINC17314009,decoy,-14.43
O[C@@H](C[NH+]1CCN(C)CC1)c1ccc(N)cc1,ZINC09879348,decoy,-17.94
FC(F)(F)c1c(C[NH3+])c(n(C)n1)N1CCOCC1,ZINC04489573,decoy,-14.42
O=C(N/N=C/C[C@@H]1C(C)(C)[C@@H]2C[C@H]1CC2)N,ZINC04184343,decoy,-23.86
O=C(O[C@H]1[C@@H]2OC[C@H]([NH3+])[C@@H]2OC1)NCC,ZINC25228850,decoy,-11.82
Fc1c([C@@H]([NH3+])CN2C(=O)N(C)CC2=O)cc(F)cc1,ZINC20296086,decoy,-16.28
O=C1NC(Cc2sccc2)=NC([C@H]2C[NH2+]CCC2)=C1,ZINC23338235,decoy,-20.36
O=C(N1CCC(C)CC1)c1c(C)nc(CC[NH3+])s1,ZINC19671915,decoy,-13.47
O=C(NC12CC3CC(C1)CC(C2)C3)CN1C[C@H](O)CCC1,ZINC23991846,decoy,-18.42
Fc1ccc([C@H]2N[C@H]3NCNC[C@H]3NC2)cc1,ZINC22870396,decoy,-13.85
O=C(NC1CCC(O)CC1)c1cc(C[NH3+])ccc1,ZINC19407082,decoy,-20.98
O(C)c1c2O[C@@H]3[C@@]4(c2c(cc1)C[NH2+]CC4)C=C[C@H](O)C3,ZINC06040946,decoy,-12.56
[C@@H]1([C@H]2NC2)[NH+]=CN[C@H]2[C@@H]1NC2,ZINC23169004,decoy,-6.65
[NH3+][C@@](C#C)(CN(CC#C)C)C,ZINC22969102,decoy,-6.88
O=C(NC1CC[NH+](CC)CC1)NC1CCCC1,ZINC31022999,decoy,-10.82
O=C1C(C[NH2+]C)=C2OC(CC)=C(CC)C(O)=C2C=C1,ZINC05688543,decoy,-14.13
O=C(OCC=C)N1C[C@H]([NH3+])CCC1,ZINC12651141,decoy,-14.29
[NH3+]CC1(N2C[C@H](C)CCC2)CC[NH+](C(C)C)CC1,ZINC19471315,decoy,-9.57
O=C1[C@@H]([NH2+][C@H](CC)C)CCCCN1,ZINC20036712,decoy,-14.75
Oc1c(C[NH+]2C[C@H](c3[nH]ncc3)CCC2)cccc1,ZINC12077796,decoy,-20.58
[NH3+]C[C@H](N1CCSCC1)[C@@H]1COCC1,ZINC20257168,decoy,-12.61
[NH3+]C[C@H]1OC(C)(C)CN(Cc2ccncc2)C1,ZINC11632423,decoy,-20.3
N(\NC1=[NH+]CCN1)=C\c1ccccc1,ZINC16953775,decoy,-22.13
N(\N)=C/CN1[C@H](C)[C@H]1[C@H]1NC1,ZINC22928249,decoy,-22.83
[NH3+][C@H](Cc1nc2SC3=C(n2c1)CCC3)C,ZINC11628476,decoy,-14.34
O=C(NCCCC)C[NH+]1[C@@H]([C@H]2CC=CCC2)[C@@H]2[C@@](O)(CC1)CCCC2,ZINC20385315,decoy,-12.29
O=C(NC(=O)[C@@H]([NH+](CC12CC3CC(C1)CC(C2)C3)C)C)NCC(C)C,ZINC27929668,decoy,-11.95
Fc1cc(-n2c(C)c([C@H]([NH2+]Cc3c(O)ccc(OC)c3)C)cn2)ccc1,ZINC12373215,decoy,-19.81
S(/C(=[NH+]/CC=C)/N)CC=1N=C2SC=C(c3ccccc3)N2C(=O)C=1,ZINC25865323,decoy,-19.23
O=C(NC[C@@H]1OCC[NH+](CC(C)C)C1)Cc1c(C)[nH]c2c1cc(C)cc2,ZINC24571139,decoy,-14.56
Fc1ccc(CNC(=O)NCC(=O)N[C@H](C)c2c(C)ccc(C)c2)cc1,ZINC14419786,decoy,-19.66
OCC[C@H]1[NH+](C2CCCC2)CCN(Cc2c(-c3ccccc3)n[nH]c2)C1,ZINC22914149,decoy,-16.18
S=C(N/N=C/c1cc(OC)c(O)cc1)N[C@H]1[C@H]2[C@H]3[C@H]([C@@H](C1)C2)CC=C3,ZINC13657698,decoy,-20.37
Fc1ccc(C(=O)NC[C@@H]2CN(Cc3n[nH]c(C(C)C)c3)CCC2)cc1,ZINC12307383,decoy,-13.97
Brc1c2OCOc2cc(C[NH2+]CCCc2c(C)[nH]nc2)c1,ZINC30666964,decoy,-22.24
Clc1cc(-c2cc(N3CCC([NH2+]CCC(=O)N)CC3)ccc2)ccc1,ZINC20271487,decoy,-27.96
Fc1c(CN2C(=O)[C@@](O)(C[NH2+]Cc3c(C)cccc3)CCC2)cccc1,ZINC11843182,decoy,-17.7
O=C(Oc1cc2c([nH]c(C(=O)c3[nH]c4c(c3)cccc4)c2)cc1)CN(C)C,ZINC01483757,decoy,-16.69
S(CC)c1nc(NCCC[NH3+])c2sc3c(c2n1)COC(C)(C)C3,ZINC06719710,decoy,-5.48
S(/C(=[NH+]/CCC)/N)CC1=Nc2scc(-c3ccccc3)c2C(=O)N1,ZINC07286311,decoy,-16.74
O(C[C@@H](O)C[NH+]1C(C)(C)CC(O)CC1(C)C)[C@H]1C[C@@H](C)CC(C)(C)C1,ZINC06007714,decoy,-8.5
O=C(N)[C@@H](N[C@@H]1c2c(n(Cc3ccccc3)nc2)CCC1)c1ccccc1,ZINC27046410,decoy,-18.95
O=C(NC(C)C)[C@H]1N(C(C)C)C[C@H]([NH2+]Cc2c3c(ccc2)cccc3)C1,ZINC20294254,decoy,-15.63
O=C(OC)c1c(C)c(C(=O)Nc2ccc(C[NH+]3CCCC3)cc2)[nH]c1C,ZINC28163422,decoy,-11.14
O=C(NCCN1CC[NH+](CC)CC1)Nc1c(-c2ccccc2)cccc1,ZINC15831729,decoy,-15.06
FC(F)(F)c1cc(CC2(CO)CC[NH+](Cc3n[nH]cc3)CC2)ccc1,ZINC19782253,decoy,-16.3
O=C(NC1CC1)c1nnn(C2CCC([NH2+]Cc3sc(C)cc3)CC2)c1,ZINC12150480,decoy,-12.17
S=C(NNC=1c2c(OC(C)(C)C=1)ccc(O)c2)Nc1c(F)cccc1,ZINC03045597,decoy,-22.56
O=C(CNC1=[NH+]CCCC1)c1cc(C(C)(C)C)c(O)c(C(C)(C)C)c1,ZINC27526669,decoy,-10.78
S(Cc1cc(C(=O)NNC(=O)Cc2c3c([nH]c2)cccc3)ccc1)C,ZINC20920654,decoy,-19.92
Oc1c(C[NH+](C)C)cc(Cc2cc(C[NH+](C)C)c(O)c(C)c2)cc1C,ZINC31623668,decoy,-11.0
Clc1c(C)cc2OC(=O)C=C(CS/C(=[NH+]/CCOC)/N)c2c1,ZINC07665662,decoy,-19.6
S=C(NNC(=O)NC12CC3CC(C1)CC(C2)C3)NC1CCCCC1,ZINC05061014,decoy,-8.52
O(C)c1ccc(/C=C/2\C(=O)N(CCCC[NH3+])c3c(O\2)ccc(C)c3)cc1,ZINC20339239,decoy,-16.86
O=C1[C@@H]([NH2+]Cc2c(-c3ccc(C[NH+](C)C)cc3)cccc2)CCCCN1,ZINC25488989,decoy,-12.73
O(C)c1c(N2CCN([C@@H]3[C@@H](O)[C@H]([NH2+]Cc4ccc(N(C)C)cc4)[C@@H]4O[C@H]3OC4)CC2)cccc1,ZINC20463835,decoy,-17.74
O=C1N(CCC[NH+](C)C)[C@@H](c2ccc(C(C)C)cc2)/C(=C(\O)/c2c(C)nc3C(C)=CC=Cn23)/C1=O,ZINC09043571,decoy,-10.02
O=C(C[NH2+][C@H](C(C)C)c1cc2OCCOc2cc1)N1CCN(Cc2cc3OCOc3cc2)CC1,ZINC12752689,decoy,-12.34
Fc1c(C[NH+]2CCC(CNC(=O)CCN3C(=O)c4[nH]c5c(c4N=C3)cc(F)cc5)CC2)cccc1,ZINC23125497,decoy,-16.0
O(C)c1c(OC)c2c(cc1OC)CC[C@H]([NH+](Cc1c(O)cccc1)C)C=1[C@H]3C(=O)C(OC)=C[C@@H]3C2=1,ZINC16029737,decoy,-10.48
S(=O)(=O)(N)c1ccc([C@H](N(CC(=O)N2CC[NH+](Cc3c4c(ccc3)cccc4)CC2)C)C)cc1,ZINC28727882,decoy,-18.02
Fc1c(OC)ccc(CN2CC[NH+](CCC(=O)NC(=O)NC34CC5CC(C3)CC(C4)C5)CC2)c1,ZINC25232583,decoy,-12.69
Clc1c(S(=O)(=O)N2CCN(C(=O)CS/C(=[NH+]/Cc3ccccc3)/N)CC2)cccc1,ZINC29467451,decoy,-16.11
Brc1c(C(=O)NCC2([NH+](C)C)CCCCCC2)cc(S(=O)(=O)NC2CC2)cc1,ZINC12882826,decoy,-9.83
FC(F)(F)c1c(NC(=O)CN2CC[NH+](Cc3ccc(C#N)cc3)CCC2)ccc(NC(=O)C)c1,ZINC28155108,decoy,-19.22
O=C(N/N=C/c1cc(C[NH+]2C[C@H]3C=4N(C(=O)C=CC=4)C[C@@H](C2)C3)c(OCC)cc1)c1n[nH]c2c1CCC2,ZINC20616184,decoy,-14.06
O=C(NCC1([NH+]2CCN(C)CC2)CCCCC1)CC=1C(=O)Oc2c(OC)c(OC)ccc2C=1C,ZINC13629846,decoy,-10.96
Clc1cc(NC(=O)[C@H]2[C@]3(C(=O)Nc4c3cc(Cl)cc4)[NH2+][C@H](CCC(=O)N)C2)c(OC)cc1,ZINC15972931,decoy,-22.91
O=C(N(C[C@@H]1[NH+](CC)CCC1)CC=1C(=O)Nc2c(cc3OCCOc3c2)C=1)NCc1ccccc1,ZINC12710640,decoy,-15.15
Clc1ccc([C@@H]([NH2+][C@@H](C(=O)Nc2c(C)ccc(S(=O)(=O)N3CCOCC3)c2)C)C)cc1,ZINC26369195,decoy,-10.43
O=C(NCc1nc2SC(C)=Cn2c1)C=1C(=O)NC(C[NH+]2CCC(Cc3ccccc3)CC2)=CC=1,ZINC11789847,decoy,-16.31
O(CC)c1c(OCC)ccc([C@@H]2C(C#N)(C#N)C(N)=C(C#N)C=3[C@H]2C[NH+](Cc2ccccc2)CC=3)c1,ZINC27241370,decoy,-9.7
O=C(NCC(C)(C)[NH+]1Cc2c(cccc2)CC1)CCC1=Nc2n(-c3ccccc3)ncc2C(=O)N1,ZINC25462048,decoy,-14.81
S(=O)(=O)(N1CCCCC1)c1c(CNC(=O)NC2CC[NH+](Cc3ccccc3)CC2)cccc1,ZINC22435368,decoy,-13.8
O=C(Nc1cc(-c2oc(C)c(CNC(=O)c3noc(C(C)C)c3)n2)ccc1)[C@@H]1C[NH+](C)CCC1,ZINC11872395,decoy,-13.53
O=C(N[C@H]1[C@H](OCC)C2(c3c1cccc3)CC[NH+](Cc1c(O)ccc(OC)c1)CC2)c1occc1,ZINC11814186,decoy,-17.2
O=C(NC[C@@H](N1CC[NH+](C)CC1)c1cc2c(N(C)CCC2)cc1)C(=O)Nc1cc(OC)ccc1,ZINC22735189,decoy,-14.43
O=C(OCC[NH+](C)C)C=1[C@@H]2[C@H]([C@H](C)OC=1)CN1[C@H](c3[nH]c4c(c3CC1)cc(OC)c(OC)c4)C2,ZINC03872310,decoy,-13.43
Clc1c(N/C(/[S-])=C(\C(=O)c2c(C)c(C(=O)OC)c(C)[nH]2)/[n+]2ccc(C)cc2)c(C)cc(C)c1,ZINC27297164,decoy,-14.21
O=C(NCc1ccc(C[NH+]2CCC(C)CC2)cc1)c1c2C(=O)NC(=O)N(CC)c2nc(C2CC2)c1,ZINC30250301,decoy,-9.02
Clc1ccc(Cn2nc(C)c3c2sc(C(=O)NNC(=O)C(=O)NCc2occc2)c3)cc1,ZINC16785469,decoy,-18.06
S([C@@H](C(=O)NC(=O)NCc1sccc1)C)c1n(N)c(Cc2c3c(ccc2)cccc3)nn1,ZINC24352991,decoy,-18.47
[S-]/C(/Nc1c2c(ccc1)cccc2)=C(/C(=O)c1ccc(NC(=O)C(C)C)cc1)\[n+]1cc(C)ccc1,ZINC27076332,decoy,-15.33
O=C(NC[C@H](c1c2c([nH]c1)cccc2)c1ccc(N(C)C)cc1)/C=C/C=1C(=O)N(C)C(=O)N(C)C=1,ZINC25955049,decoy,-18.85
O=C(NC1=Nc2[nH]cnc2C(=O)N1)c1c2c(n(C[C@H]3[NH+](Cc4sccc4)CCC3)c1)cccc2,ZINC16994747,decoy,-17.33
Clc1ccc(N2C(=O)[C@H](N3Cc4c5c([nH]c4CC3)ccc(C(=O)OC)c5)CC2=O)cc1,ZINC28898303,decoy,-20.68
Clc1cc2N=C(CN(C(=O)c3c(C)c4C(=O)CC(C)(C)Cc4[nH]3)CC)NC(=O)c2cc1,ZINC25175264,decoy,-13.36
Clc1c([C@@H]2c3c(OC=4N=CN(CCN5CCOCC5)C(=N)C2=4)cc(O)cc3)cccc1,ZINC08995834,decoy,-19.45
S(=O)(=O)(N[C@H](C(=O)/N=C/1\SC2=C(N\1)CCN(C)C2)C)c1c(C)c(C)cc(C)c1C,ZINC23609475,decoy,-15.75
Brc1cc2/C(=N/NC(=O)c3ccc(CN4CCOCC4)cc3)/C(=O)Nc2cc1,ZINC20033812,decoy,-16.65
O=C(N)[C@@H]1N(C(=O)C2=NN(Cc3ccccc3)C(=O)c3c2cccc3)Cc2c(cccc2)C1,ZINC09741598,decoy,-22.39
O=C([C@H](C)N1CCN(Cc2nc(N)c3c(n2)cccc3)CC1)N1Cc2c(scc2)CC1,ZINC25027064,decoy,-20.81
Brc1c(OCC(=O)N2c3c(O[C@@H](C(=O)N)C2)cccc3)ccc2c1cccc2,ZINC29363529,decoy,-25.27
Fc1ccc(/C=C/2\C(=O)N3C(N)=C(C#N)[C@@H](c4ccc(F)cc4)C(C(=O)N)=C3S\2)cc1,ZINC15023438,decoy,-14.98
FC(F)(F)c1n(-c2nnc(O)cc2)ncc1C(=O)N[C@H]1c2c(c(F)ccc2)SCC1,ZINC28045412,decoy,-25.58
Clc1c(C)c(/N=C\2/N(CC(=O)NC)C(c3cc4NC(=O)COc4cc3)=CS/2)ccc1,ZINC27047768,decoy,-20.36
O=C(OCC)C1=C(N)Oc2[nH]nc(C)c2[C@@]21C(=O)N1C(C)(C)C[C@H](C)c3c1c2cc(C)c3,ZINC09413774,decoy,-1.56
O=C(NC1CCCC1)[C@H](C)N1CCN(CC2=Nc3sc4c(c3C(=O)N2)CCCC4)CC1,ZINC23470968,decoy,-9.9
O=[N+]([O-])c1cc(-c2nc([C@H]3N(C(=O)NC4CCCCC4)Cc4nc[nH]c4C3)on2)ccc1,ZINC15676026,decoy,-15.69
O=C(NNC(=O)c1n[nH]c2c1CCCC2)[C@@H]1[C@H](C(=O)N2c3c(cccc3)CC2)CCCC1,ZINC22552248,decoy,-16.08
S(=O)(=O)(N)c1ccc(-n2c(/C=C\3/C(=O)N/C(=N/c4c(C)cccc4)/S/3)ccc2)cc1,ZINC13914175,decoy,-20.67
O=C(CN1C(=O)[C@@](C)(c2cc3c(cc2)CCC3)[N-]C1=O)N1Cc2c3c([nH]c2CC1)cccc3,ZINC24175967,decoy,-15.6
Brc1sc(C(=O)NNC(=O)c2c(C)nn(-c3cc(Cl)ccc3)n2)cc1,ZINC15762411,decoy,-19.99
Clc1c(OC)ccc([C@H]2[C@@H](C(=O)Nc3c(C)cc(C)cc3)Sc3n(c(C)nn3)N2)c1,ZINC09238555,decoy,-19.11
O=C(NNC(=O)c1c(C)c2C(=O)N3C(=Nc2s1)CCCCC3)Cc1c2c([nH]c1)cccc2,ZINC16178888,decoy,-14.83
O(C)c1c(-c2ocnc2)cc2C(=O)C=C(c3cc4[C@@H](N5CCOCC5)CCc4cc3)Nc2c1,ZINC12354304,decoy,-18.5
O=C(NC(=O)[C@@H](C)N1Cc2c(cc(OC)c(OC)c2)CC1)NC12CC3CC(C1)CC(C2)C3,ZINC20683926,decoy,-11.2
S(=O)(=O)(N)c1c(C)ccc(C(=O)N2CCN(Cc3c4c(ccc3)cccc4)CC2)c1,ZINC28669740,decoy,-21.31
O=C(N)COc1ccc(C(=O)N2[C@H](C)c3c(C4(C2)CCCC4)cc2OCCOc2c3)cc1,ZINC10384104,decoy,-19.81
O=C(OCc1ccccc1)N1CCC([C@@H]2C(C#N)=C(N)OC3=C2C(=O)CC(C)(C)C3)CC1,ZINC01143333,decoy,-13.48
S(CC(=O)N)c1ncnc2c1sc1nc(N3CCCC3)c3c(c21)CC(C)(C)OC3,ZINC09478459,decoy,-17.25
O=C(O[C@@H]1[C@H]([C@]2(C)[C@](O)([C@H]3[C@H]([C@]4(C)[C@@H](C[C@H](O)CC4)CC3)CC2)C1)C1=CC(=O)O[CH-]1)CC,ZINC05161178,decoy,-11.26
O=C(Nc1cc2c([nH]cc2)cc1)[C@@H]1C(C)(C)S[C@@H]2N1C(=O)c1c(OC)c(OC)ccc21,ZINC13735510,decoy,-19.31
S=C1N(c2ccc(F)cc2)C(C(=O)/N=C/2\SC=C(CN3C[C@H](C)O[C@@H](C)C3)N\2)=CN1,ZINC25059800,decoy,-10.6
O=C1C([C@H](N2C[C@@H](C)CCC2)c2n(C3CCCC3)nnn2)=Cc2c(N1)cc1OCOc1c2,ZINC06283272,decoy,-12.98
S(/C(=[NH+]/C(C)C)/N)CC(=O)N(CC)[C@@H]1CS(=O)(=O)CC1,ZINC29554180,decoy,-13.36
O=C1N([C@H]2O[C@H](CO)[C@@H](O)C2)C=C(C[NH+](CC)CC)C(=O)N1,ZINC17130299,decoy,-15.6
O=C1N(C(=O)NC(=O)[C-]1C([NH2+]CCN(C)C)=C)C1CCCCC1,ZINC05792063,decoy,-6.75
O[C@@H]([C@@H](O)[C@H](O)[C@@H]1SC(c2ccc(C)cc2)=NN1)[C@H](O)CO,ZINC04351045,decoy,-21.6
O=C(NN1C(=O)C2([N-]C1=O)CCCCC2)C[NH+]([C@H](CCC)C)C,ZINC30270067,decoy,-7.81
O=C(NCC1CCCCC1)[C@@H](NC(=O)[C@@H]1NC(=O)NC1)CO,ZINC06760942,decoy,-20.93
S([C@H](C(=O)NCCC1=CCCCC1)C)C=1N(N)C(=O)C(C)=NN=1,ZINC05994628,decoy,-18.12
O=C(OCC)c1c(C)c(C(=O)NCC=2N=C(C)NC(=O)C=2)[nH]c1C,ZINC23398459,decoy,-17.8
O=C(N)[C@@H]([C@H](C(C#N)=C=N)c1cnccc1)[n+]1cc(C(=O)C)ccc1,ZINC06707896,decoy,-15.92
O=C(NC(C(=O)N)C(=O)N)[C@H](C)c1cc2c(cc(OC)cc2)cc1,ZINC24840186,decoy,-28.63
O=C1N(c2ccccc2)C([O-])=C(/C=N/CCC[n+]2c[nH]cc2)C(=O)N1,ZINC06230967,decoy,-24.26
O=C(C)N1CCN(CC2=C(C(=O)OCC)[C@H](CC)NC(=O)N2)CC1,ZINC23750338,decoy,-16.48
Clc1ccc(C=2[C@H](N[C@H](C(=O)[O-])Cc3nc[nH]c3)CNN=2)cc1,ZINC05635199,decoy,-17.58
O=C(NCCC)CN1CCN(Cc2c(O)cc3OCOc3c2)CC1,ZINC22363663,decoy,-16.53
OCCN(CCO)c1ccc(N2C(N)=[NH+]C(N)=NC2(C)C)cc1,ZINC01671007,decoy,-26.01
S(CC(=O)NC(=O)NCc1occc1)c1n(N)c(C2CC2)nn1,ZINC28674436,decoy,-18.56
Clc1nc(NCC(=O)NC[C@H]2[NH+](CC)CCC2)c2nc[nH]c2n1,ZINC13655793,decoy,-16.48
O=C(OC(C)(C)C)N[C@@]1(C(=O)OCC)CC=2C(=O)ONC=2CC1,ZINC01654586,decoy,-9.19
O=C1[C@H](CCC/[NH+]=C(\N)/N)NC(=O)[C@H](Cc2ccc(O)cc2)N1,ZINC31960665,decoy,-26.41
O=C([O-])c1cc2c(NCCCN3CCOCC3)cc(C)[nH+]c2cc1,ZINC19794189,decoy,-18.35
O=C(OC[C@H]1[C@@H]2[N+]([O-])(CC[C@H]2O)CC1)[C@@](O)([C@H](O)C)C(C)C,ZINC05733621,decoy,-7.6
S(C(=[NH2+])N)CC1=C2C(OC(O)=C1)=CC(=NC(=O)OCC)C=C2,ZINC22365813,decoy,-22.9
OC[C@H]1[C@@H]([NH3+])[C@@H](O)[C@H](n2c3ncnc(N(CCC)C)c3nc2)O1,ZINC05606397,decoy,-15.25
O=C(NCc1n2c(nn1)C=CC=C2)CCNC(=O)c1cc(C)ccc1,ZINC23644562,decoy,-21.77
O=C(N)CN(CC(C)C)CC=1SC=2N(C(=O)C=C(C)N=2)N=1,ZINC26127401,decoy,-17.04
S(CC[C@@H]([NH3+])C(=O)N/N=C/C=1C(=O)c2c(OC=1)ccc(C)c2)C,ZINC16007589,decoy,-20.18
O=C([O-])c1c(C[NH2+]C(C)(C)C)c2c(NC(C)(C)C)ncnc2s1,ZINC00108237,decoy,-9.75
O=C(NC(C)C)CNC(=O)CCC1=C(C)n2nc(C)cc2N=C1C,ZINC22765197,decoy,-13.29
S(CC(=O)OC)C1=C(C(=O)N)C2(C(C#N)=C(N)N1)CCCC2,ZINC14671733,decoy,-15.59
O([C@@H](C(=O)NC(=O)NCC)C)C(=O)c1c(n(C)nc1)-n1cccc1,ZINC27139632,decoy,-21.6
Clc1c(Cl)cccc1N/N=C/1\C(=N)N(c2ccccc2)NC\1=N,ZINC06062257,decoy,-21.63
Clc1c(N=Nc2c(N)n(-c3ccccc3)nc2N)ccc(Cl)c1,ZINC04844505,decoy,-19.04
O=Cc1c(O)ccc2c1c(-c1c(O)ccc3c1cc(O)cc3)c(O)cc2,ZINC01633228,decoy,-23.97
Fc1ccc(-c2c(-c3ccc(OC)cc3)c3C(=O)NC(=O)Nc3[nH]2)cc1,ZINC15084841,decoy,-16.04
Clc1cc(/C=N/Nc2nnc3c([nH]c4c3cc(C)cc4)n2)c(O)cc1,ZINC05009626,decoy,-20.6
Clc1sc(C(=O)c2c(N)c3c(SC)nc(N)nc3s2)cc1,ZINC05478319,decoy,-24.93
O=C1C(c2ccc(O)cc2)=C(c2cc(O)cc(O)c2)c2c(O1)ccc(C)c2,ZINC02573903,decoy,-24.6
Nc1nc(N)c2c(C)c(CCc3c4c(ccc3)cccc4)cnc2n1,ZINC03815011,decoy,-26.77
Oc1c(/C=N/Nc2nc3c(O)cccc3cc2)cc(C)c2c1nccc2,ZINC17419064,decoy,-23.97
O=C1N(Cc2ccccc2)[C@H](c2cc(O)c(O)cc2)Nc2c1cccc2,ZINC07884125,decoy,-28.75
O=C(N=Nc1c([O-])[nH]c2c1cc(C(C)C)cc2)c1c2c([nH]c1)cccc2,ZINC06171594,decoy,-17.86
O=C(N)c1c2N[C@H](c3c(O)ccc4c3cccc4)[C@@H]3[C@@H](c2ccc1)C=CC3,ZINC14547834,decoy,-22.85
Clc1c(C(=O)N/N=C/c2cc(O)c(O)cc2)sc2c1ccc(C)c2,ZINC05619119,decoy,-31.07
N#CC=1[C@@H]([C@H](C)c2ccccc2)c2c(-c3ccccc3)[nH]nc2OC=1N,ZINC06982310,decoy,-13.84
Clc1ccc([C@@H]2c3c(O)nc(N)nc3NC(c3ccccc3)=C2)cc1,ZINC08665872,decoy,-26.12
O=C(Nc1[nH]c2c(n1)cccc2)c1c(C)c2c(C)nc(CC)nc2s1,ZINC22608902,decoy,-16.22
N(N)c1ncnc2c1sc1nc(CC(C)C)c3c(c21)CC(C)(C)OC3,ZINC02297921,decoy,-16.29
O=C(N/N=C/c1c(O)n(C)c2c1cccc2)c1c(O)cc2c(c1)cccc2,ZINC05447804,decoy,-27.46
O=C1/C(=C/c2cc(O)c(O)cc2)/S/C(=N\c2c(C)ccc(C)c2)/N1,ZINC08410884,decoy,-27.61
O(C)c1cc(-c2n[nH]c3OC(N)=C(C#N)[C@H](c4ccc(C)cc4)c23)ccc1,ZINC05248718,decoy,-11.1
O(C)c1c(O)ccc([C@H]2N=C(O)c3c(-c4ccccc4)csc3N2)c1,ZINC04571761,decoy,-23.69
Clc1cc(NNC(=O)c2cc3C(=O)c4c(-c3cc2)cccc4)ccc1,ZINC30615289,decoy,-23.66
O=C1C(O)=C2C(C)(C)CCC[C@]2(C)c2c(O)c(O)c(C(C)C)c(O)c12,ZINC24737307,decoy,-8.54
O=C1c2c(O)cc(O)c(C/C=C(\C)/C)c2O[C@@H](c2cc(O)c(O)cc2)C1,ZINC05854473,decoy,-26.37
Oc1c(/C=N/N=C/2\NC(c3ccccc3)=Nc3c\2cccc3)cccc1,ZINC04548145,decoy,-19.52
O=C(NNC(=O)c1c(O)c2c(cc1)cccc2)Nc1ccc(CC)cc1,ZINC15933959,decoy,-20.01
S(Cc1nc(N)c2c(C)c(C)sc2n1)c1c(C#N)c(C)cc(C)n1,ZINC12476516,decoy,-17.24
O=C(NNc1ncnc2sc3c(c12)CCCC3)Nc1ccccc1,ZINC03193433,decoy,-21.61
FC(F)[C@]1(O)N(C(=O)c2c(O)c(C(C)C)cc(C(C)C)c2)NC(=C)C1,ZINC06633718,decoy,-14.06
O[C@H]([C@@H](Nc1nc(C)nc2sc3c(c12)CCC3)C)c1ccc(O)cc1,ZINC07982114,decoy,-27.71
O=[N+]([O-])c1ccc([C@H]2[NH2+]CCc3c2cc(OCC[NH+](C)C)c(OC)c3)cc1,ZINC03703559,decoy,-14.18
S(Cc1ccc(OC)cc1)c1n(N)c(N/N=C/c2cc(O)ccc2)nn1,ZINC20806357,decoy,-28.5
O=C(N/N=C/c1c(O)ccc2c1cccc2)CCC(=O)NCc1ccccc1,ZINC03167729,decoy,-25.73
S(=O)(=O)(N)c1ccc(OCCOC(=O)c2[nH]c3c(c2)ccc(C)c3)cc1,ZINC31450714,decoy,-23.24
O=C(NC(=O)[C@H](N(Cc1ccc(C(=O)OC)cc1)C)C)NC1CCCCC1,ZINC26208896,decoy,-14.64
O=C(NNC(=O)CC(C)C)[C@H](NC(=O)C12CC3CC(C1)CC(C2)C3)C(C)C,ZINC21972418,decoy,-8.64
S(C(=[NH2+])Nc1cc2OCCOc2cc1)Cc1c(OC)ccc(C(=O)C)c1,ZINC19671921,decoy,-19.92
Fc1ccc(C=2C(=O)NC(NCCc3c4c([nH]c3)ccc(OC)c4)=NN=2)cc1,ZINC04818448,decoy,-17.69
S(Cc1c(C#N)c(N)sc1C(=O)OCC)c1[nH]c(C2CCCC2)nn1,ZINC12103910,decoy,-11.65
S([C@H](C(=O)NC(=O)NCCC1=CCCCC1)C)c1nc(C2CC2)n[n-]1,ZINC28758832,decoy,-14.93
S(CC(=O)O[C@@H]1[C@]2(C)C(C)(C)[C@H](C1)CC2)C=1N(CC=C)C(N)=CC(=O)N=1,ZINC12384191,decoy,-11.67
S(=O)(=O)(N)c1ccc([C@@H](/N=C/c2c(O)cc(N(CC)CC)cc2)C)cc1,ZINC05228089,decoy,-16.87
O=C(NNC(=O)[C@H](Oc1c(C)c(C)ccc1)C)NCc1cc(OC)ccc1,ZINC31026266,decoy,-21.18
S(=O)(=O)(NCCC(=O)Nc1c(O)cc(C)cc1)/C=C/c1ccc(C)cc1,ZINC08241887,decoy,-20.59
O=C(NCC([NH+](C)C)(CC)CC)CC1=NC(=O)c2c(C)c(C)sc2N1,ZINC31094541,decoy,-10.98
S(CC(=O)NNC(=O)c1sccc1)c1nc(Cc2sccc2)n[n-]1,ZINC11601128,decoy,-19.63
O=C(Nc1c(C(=O)OCC)[nH]c2c1cccc2)CC[NH+]1C[C@H](C)O[C@@H](C)C1,ZINC20171171,decoy,-16.61
S(=O)(=O)(N)c1c(C)ccc(NC(=O)[C@@H]([NH+](Cc2ccc(C)cc2)C)C)c1,ZINC26208414,decoy,-20.01
O=[N+]([O-])c1c(NC)ccc(C(=O)NC[C@H]([NH+]2CCCC2)c2sccc2)c1,ZINC29929520,decoy,-16.42
O(C)c1c(OC)ccc(-c2c(/C=N/NC(=N)N)cn(-c3ccccc3)n2)c1,ZINC03242668,decoy,-28.89
Fc1c([C@H]2[C@]3(C#N)[C@@]2(C#N)C(N)=NC3(OCCC)OCCC)cc(F)cc1,ZINC06264912,decoy,-3.02
O=C(Nc1ccc(CN2CCOCC2)cc1)COC(=O)c1c(N)c(C)ccc1,ZINC14132821,decoy,-17.87
O=C(N(CCC)C1=C(N)N(CCCC)C(=O)NC1=O)c1cc(C)cc(C)c1,ZINC07723763,decoy,-13.68
O([C@@H](C(=O)NC[C@@H](C)c1ccccc1)C)C(=O)C1=NNC(=O)c2c1cccc2,ZINC07676037,decoy,-19.67
O=C(Oc1cc2OC(=O)C(C(=O)N)=Cc2cc1)/C=C/c1ccc(OCC)cc1,ZINC01810937,decoy,-24.93
Clc1ccc(NC(=O)CNc2c(C)ccc(S(=O)(=O)CC=C)c2)cc1,ZINC28662629,decoy,-20.42
S(C(F)F)Cc1ccc(C(=O)NNC(=O)c2[nH]cc([N+](=O)[O-])c2)cc1,ZINC30565842,decoy,-17.9
O=C(NNC(=O)c1c(C)cc(C)cc1)/C=C/c1cc(OC)c(OCC#N)cc1,ZINC08142979,decoy,-18.01
S(CC(=O)N/N=C/c1c(O)c(OCC)ccc1)c1[nH]c2c(n1)cccc2,ZINC00844733,decoy,-18.87
FC(F)Oc1ccc(C(O[C@H](C(=O)NC(=O)NC)c2ccccc2)=O)cc1,ZINC03558259,decoy,-19.73
O=C(OC[C@H]1SC[C@@H](N2C(=O)N=C(N)C=C2)O1)NCCCC[NH3+],ZINC26493941,decoy,-21.1
S(/C(=[NH+]/CCC(C)C)/N)CC(=O)N(CC)[C@H]1CS(=O)(=O)CC1,ZINC29492890,decoy,-14.55
S(=O)(=O)(N)c1ccc(NNC(=S)NCCN2CCOCC2)cc1,ZINC25196934,decoy,-20.59
O=C(OCc1ccc(C#N)cc1)c1c(C)oc([C@@H](O)[C@H](O)[C@H](O)CO)c1,ZINC07003049,decoy,-18.07
S=C1N(c2ccccc2)C(=O)/C(=C/NNCC[NH+](CC)CC)/C([O-])=N1,ZINC20267167,decoy,-17.37
S(CC(=O)N(CCC(=O)N)Cc1ccccc1)c1[nH+]c(N)cc(N)n1,ZINC11770420,decoy,-29.93
S(CSC)C[C@@H](NC(=O)/C=C\C=1C(=O)NC(=O)NC=1C)CO,ZINC17040670,decoy,-22.09
O=C1N(C)C(=O)c2n(C[C@H](O)C)c(NCC[NH+](CC)CC)nc2N1C,ZINC13990320,decoy,-16.64
O(C)c1c(CNc2nc(NCCO)nc3n(C)ncc23)cc(OC)cc1,ZINC21930356,decoy,-22.09
Clc1c(OC)c(OC)cc(C[NH2+]CCNC(=O)c2c(N)non2)c1,ZINC04488475,decoy,-25.5
S(C(C)(C)C)CC(=O)N(CC)C1=C(N)N(CCCC)C(=O)NC1=O,ZINC22923272,decoy,-11.85
O=C(NC(=O)[C@@H](C)[NH+]1CCC(C(=O)NCCCC)CC1)NCC(C)C,ZINC30969343,decoy,-14.79
S(=O)([O-])(=Nc1c(C(=O)NCCC[NH+](C)C)cccc1)c1ccccc1,ZINC10312830,decoy,-17.89
S(CC(=O)NCCN1C[C@@H](C)O[C@H](C)C1)C=1N(CCC)C(=O)NN=1,ZINC23762456,decoy,-15.7
O(COc1c2c(OC(=O)C3=C2CCCC3)cc(OCOC[NH3+])c1)C[NH3+],ZINC06219653,decoy,-13.7
O=C(NC[C@@H]1[C@H](N(CC[NH+](C)C)C)[C@H](O)[C@H](CO)O1)N1CCOCC1,ZINC20464923,decoy,-17.5
S(CC(=O)N)c1c(C)nc(NC(=O)CCNC(=O)[C@@H]2[C@@H](C)C2)s1,ZINC31119115,decoy,-24.25
O=C(NCCC[N+](CC)(CC)CC)C1=C(O)NC2=C(C1=O)CCCC2,ZINC05884573,decoy,-11.25
Fc1c(F)ccc(-n2c(CNC(=O)NCCC(=O)OCC)nnn2)c1,ZINC10608462,decoy,-15.9
O=C(OCC)C=1[C@H](CC)NC(=O)NC=1CN1CCC(C(=O)OC)CC1,ZINC07636517,decoy,-10.53
O(CC)c1c(C[NH+](CC)CC)cc(CC=2C(=O)NC(=O)NC=2[O-])cc1,ZINC23114682,decoy,-8.87
O=C(NCCc1ccccc1)/C=C(/NNC(=O)Cc1nc(N)sc1)\C,ZINC20158440,decoy,-27.26
O=C(N(C1CCCCC1)C1CCCCC1)[C@@H](O)[C@H](O)[C@H](O)[C@H](O)CO,ZINC04692139,decoy,-12.07
O=C(N(CC(=O)NC1CC1)C)[C@H](N(Cc1ccc(C(=O)NC)cc1)C)C,ZINC29932582,decoy,-12.99
O=C(N[C@H](CC(=O)OCC(=O)Nc1noc(C)c1)c1cc(C)ccc1)N,ZINC31091495,decoy,-22.59
O=C(N[C@@H](C(=O)NNC(=O)Cn1c(CCCC)nc2c1cccc2)C)N,ZINC26793934,decoy,-21.93
O=C(NC(=O)CCN(CCCC)CC1=Nc2c(C(=O)N1)cccc2)NC,ZINC29962042,decoy,-18.19
O=C(Nc1c(OC)cc(OC)cc1)CNc1ccc(CC(=O)NC)cc1,ZINC29937110,decoy,-19.57
Clc1c(NC(=O)C[C@@H]([NH2+]CCN(C)C)C(=O)[O-])ccc(Cl)c1,ZINC22791908,decoy,-15.57
O=C(Nc1ccc(C(=O)N)cc1)CCN(C(=O)c1[nH]nc(CC)c1)CC,ZINC28971329,decoy,-28.43
S(C)C=1C(C)=CN([C@@H]2O[C@H](CO)[C@@H](O)C2)C(=O)N=1,ZINC17174228,decoy,-20.24
Fc1cc2C(=O)C(C(=O)NCCO)=CN(C)c2cc1,ZINC22236154,decoy,-23.78
[S-]c1n(NC(=O)Cc2nc3SC=Cn3c2)cnn1,ZINC28814525,decoy,-19.13
S(C)c1nn2C(=O)C(CCO)=C(C)Nc2n1,ZINC14164064,decoy,-17.76
S(C)c1ncnc2n([C@@H]3O[C@H](CO)OC3)cnc12,ZINC06485396,decoy,-15.05
O=C(N/N=C/c1ccc(C#N)cc1)c1[nH]nc(C)c1,ZINC05818199,decoy,-22.83
S=C(NC(=O)C)NN1C(=O)C(C#N)=C(C)C=C1C,ZINC01236193,decoy,-18.23
O=C(OCC)C=1C(=O)C=2C(=NC=1)C=1C(NC=CC=1)=CC=2,ZINC05837198,decoy,-15.64
S=C1N=C([C@@H]2[C@@H](C(=O)[O-])CCCC2)NN1,ZINC05816940,decoy,-15.43
O=C(Nc1cc2NC(=O)[C@H](C)Oc2cc1)C1CCOCC1,ZINC29994145,decoy,-22.7
O=C(NC)C1CCN(CN2C(=O)N3C(=N2)C=CC=C3)CC1,ZINC28746089,decoy,-19.95
OCc1c(/C=N/c2cc3nc(C)oc3cc2)c(O)c(C)nc1,ZINC05334871,decoy,-20.08
O=C(N)C1CCN(c2nc(-c3n(C)ncc3)c(C)cn2)CC1,ZINC19595578,decoy,-26.26
BrC=1C(=O)NN=CC=1N/N=C\[C@H]1CC=CCC1,ZINC00113853,decoy,-27.29
O=C(Nn1c2c(nc1)cccc2)c1[nH]cc(C(=O)C)c1,ZINC28819765,decoy,-21.71
O(C)c1c(O)ccc(C=NC23CN4CN(C2)CN(C3)C4)c1,ZINC19322967,decoy,-21.13
S(=O)(=O)(N1CCOCC1)c1c(C)c(C)cc(N)c1,ZINC19231582,decoy,-19.62
O=C(N)COc1cc2OC(=O)C3=C(c2cc1)CCC3,ZINC01793737,decoy,-29.84
N(Cc1ncccc1)c1ncnc2n(C)nnc12,ZINC04331095,decoy,-20.33
S(/C(=N\C)/NC=1C(=O)N(C)C(=O)N(C)C=1)C,ZINC05412952,decoy,-20.96
O=C(N/N=C/1\CCCCC\1)C(=O)NC1CC1,ZINC08218739,decoy,-18.23
O=C(Nc1cc(-c2[nH]ncc2)ccc1)C1=CC(=O)N(C)C=C1,ZINC24892287,decoy,-28.64
Fc1cc2c([nH]c3c2CN(C(=O)CCC(=O)[O-])CC3)cc1,ZINC12321456,decoy,-17.93
Sc1nc(O)c(C(=O)OCC)nn1,ZINC16939462,decoy,-17.77
O=C(OCC)N1CCN(C2=NC3=C(C(=O)N2)CCC3)CC1,ZINC06697171,decoy,-14.06
O=S1(=O)CCN(Cc2nc(-c3ccccc3)[nH]c2)CC1,ZINC19739662,decoy,-18.18
O=C(N[C@H](C(C)C)C)c1c(C)oc2N=CNC(=O)c12,ZINC27598739,decoy,-19.04
O=C(NC)C=1NC=C(OCc2ccccc2)C(=O)C=1,ZINC12168066,decoy,-20.63
S(=O)([O-])(=Nc1cc2c([nH]cc2)cc1)c1ncn(C)c1,ZINC00155950,decoy,-17.84
O=C(Nc1c(C)cc(O)cc1)c1cc(-n2cnnc2)ccc1,ZINC06701416,decoy,-25.87
S=C1N(CC)C(=O)/C(=C\NNc2[nH+]c3c(c(C)c2)cccc3)/C(=O)N1CC,ZINC29004109,decoy,-19.09
O=[N+]([O-])c1c([C@@H](/[NH+]=C\2/NC=CC=C/2)c2c(O)c3nc(C)ccc3cc2)cccc1,ZINC06614235,decoy,-15.18
N(N)c1[nH+]c(N2CCN(c3ncccc3)CC2)c2c(n(-c3ccccc3)nc2)n1,ZINC04750921,decoy,-23.83
Clc1cc(N2CCN(CC3=NC(N)=[NH+]/C(=N\c4ccccc4)/N3)CC2)ccc1,ZINC09090073,decoy,-24.54
Clc1cc2c([nH]c(C(=O)OCC(=O)/C(/C#N)=C/3\Nc4c(N\3)cccc4)c2)cc1,ZINC27254768,decoy,-22.47
O=C(N)C1CC[NH+]([C@@H](c2ccccc2)C2=C([O-])n3nc(CC)nc3S2)CC1,ZINC04584786,decoy,-14.41
O(C)c1ccc(CNC=2[NH+]=C3N([C@@H]([C@H]4CC=CCC4)N=2)C(O)=CC(=C)N3)cc1,ZINC19943487,decoy,-21.22
N(C)(C)c1nc(N)nc([C@H](C)N2CC[NH+](Cc3c4c(ccc3)cccc4)CC2)n1,ZINC27365923,decoy,-22.02
Clc1c(C)ccc(NC(=O)[C@@H]([NH2+][C@@H](C)c2cc3NC(=O)COc3cc2)C)c1,ZINC27037808,decoy,-22.56
Clc1c(NC(=O)[C@H]2C[NH+](Cc3c(F)cccc3)CCC2)cc([N+](=O)[O-])cc1,ZINC30945775,decoy,-18.22
Clc1c(C2=Nc3c(N)[nH+]c(NC(=O)OCC)cc3NC2)ccc(Cl)c1,ZINC05459756,decoy,-14.61
S(=O)(=O)(N)c1ccc(CCNc2nc(C)nc3sc4c(c23)CCC4)cc1,ZINC03362918,decoy,-21.33
Clc1c(C(=O)N/N=C/c2c(O)c(O)c(O)cc2)sc2c1ccc(OC)c2,ZINC04965176,decoy,-30.04
FC(F)(F)C(=O)[C@H]1[C@H](c2ccc(O)cc2)NC(=O)N[C@]1(O)c1ccc(C)cc1,ZINC27753935,decoy,-23.54
O(C)c1c(O)ccc([C@@H]2N(CCC)C(=O)c3[nH]nc(-c4c(O)ccc(C)c4)c23)c1,ZINC06753244,decoy,-15.73
O=C(NC)c1ccc(C[NH+]([C@H](C)C2=NC(=O)c3c(C)c(C)sc3N2)C)cc1,ZINC29930129,decoy,-17.01
Clc1c(OCC=C)c(OC)cc([C@H]2C(C#N)=C(N)Oc3c2ccc(O)c3)c1,ZINC02502655,decoy,-19.3
S(CC(=O)/C(/C#N)=C(/N)\C)c1nc(O)c2c(-c3ccc(F)cc3)csc2n1,ZINC14854089,decoy,-21.16
[NH3+]CCNc1ncnc2c1sc1nc(N3CCOCC3)c3c(c21)CCCC3,ZINC20328608,decoy,-14.49
O=C1N(c2ccc(CCCC)cc2)C([O-])=C([C@H]2[NH2+]CCc3c2cccc3)C(=O)N1,ZINC05897897,decoy,-8.77
S(=O)(=O)(Nc1ccc(Nc2c3c([nH+]c4c2cccc4)ccc(OC)c3)cc1)C,ZINC05138639,decoy,-18.22
O=C(N[C@@H]1[C@H](C)[C@@H](C)CCC1)COC(=O)c1c(N)c2c(C)nc(C)nc2s1,ZINC29212163,decoy,-14.02
O=C(NN1C(=O)[C@H](Cc2c3c([nH]c2)cccc3)[N-]C1=O)c1ccc(C(C)C)cc1,ZINC28849267,decoy,-13.16
O([C@H](C(=O)NC(=O)Nc1noc(C)c1)C)C(=O)c1c(O)cc2c(c1)cccc2,ZINC25282128,decoy,-23.93
S(CC(=O)Nc1sc2c(n1)-c1c(cccc1)CC2)c1[nH+]c(N)cc(N)n1,ZINC05672922,decoy,-30.53
O=C(OC(C)C)c1ccc(N2C(N)=C(c3[nH]c4c(n3)ccc(C)c4)C(=O)[CH-]2)cc1,ZINC05182920,decoy,-9.3
O=[N+]([O-])c1ccc([C@H]2[C@@H](C(=O)Nc3c(C)cc(C)cc3)SC(N)=[NH+]2)cc1,ZINC08301858,decoy,-21.43
O=C(OCC)c1ccc(N2C(=O)/C(=C/c3c(O)cc(O)cc3)/SC2=N)cc1,ZINC15053710,decoy,-23.56
O=C(N)c1c(O)ccc(C=2N(/N=C/c3ccc(C#N)cc3)/C(=N/C3CC3)/SC=2)c1,ZINC21334131,decoy,-25.09
O=C(NNC(=O)c1c(C(=O)c2sccc2)cccc1)c1n[nH]c2c1CCCC2,ZINC26707747,decoy,-18.12
O(C)c1ccc(CNC=2[NH+]=C3N([C@H]([C@H]4CC=CCC4)N=2)C(O)=CC(=C)N3)cc1,ZINC19943481,decoy,-21.87
O(Cc1c(OC)ccc([C@@H]2C(C#N)=C(N)Oc3n[nH]c(C)c23)c1)c1ccccc1,ZINC04167692,decoy,-12.15
Clc1c(C2=Nc3c(N)[nH+]c(NC(=O)OCC)cc3NC2)ccc(Cl)c1,ZINC18189527,decoy,-14.61
O=[N+]([O-])c1ccc(N(C(=O)C[NH+]2CCC(c3c4c([nH]c3)cccc4)CC2)C)cc1,ZINC10225489,decoy,-20.03
O=C(N)c1c(O)ccc(C=2N(/N=C/c3ccc(C#N)cc3)/C(=N/CC)/SC=2)c1,ZINC06651711,decoy,-23.33
O(C)c1c(CCC(O)(C)C)c(O)ccc1[C@@H]1C(=O)c2c(O)cc(O)cc2OC1,ZINC31167083,decoy,-20.77
S(Cc1cc(F)ccc1)C1=NC(N)=C(NC(=O)c2ccc(C)cc2)C(=O)N1,ZINC05081775,decoy,-19.89
Fc1ccc(N2CCN(CC3=NC(N)=[NH+]/C(=N\c4ccccc4)/N3)CC2)cc1,ZINC09397217,decoy,-23.84
O(C)c1ccc(CN2CN=C(/N=C\3/N=C(C)c4c(c(C)cc(C)c4)N/3)NC2)cc1,ZINC09087209,decoy,-19.12
O=C(N)C1CC[NH+]([C@H](c2ccccc2)C2=C([O-])n3nc(CC)nc3S2)CC1,ZINC22853708,decoy,-14.95
O([C@H](C(=O)Nc1ncnc2nc[nH]c12)C)C(=O)c1[nH]c2c(C)c(C)cc(C)c2c1,ZINC25655519,decoy,-22.03
O=C(NC)COc1ccc(/N=C/2\NN=C(c3ccc(O)cc3)c3c\2cccc3)cc1,ZINC01305733,decoy,-25.11
O=C(N/N=C/c1c(C)[nH]c2c1cccc2)CC1=Nc2sc(C)c(C)c2C(=O)N1,ZINC07738594,decoy,-21.38
S(=O)(=O)(N)c1ccc([C@H](NC(=O)/C=C/c2c3c(ccc2)cccc3)C)cc1,ZINC14076896,decoy,-26.65
O=C(N/N=C/c1cc(OC)c(O)cc1)c1n[nH]c(C23CC4CC(C2)CC(C3)C4)c1,ZINC06786456,decoy,-18.96
Clc1cc([C@@H](NC(=O)C2=NN([C@@H](C(=O)N)C2)c2ccc(F)cc2)C)ccc1,ZINC29296275,decoy,-21.51
Brc1cc(C(O[C@@H](C(=O)NC(=O)NC(C)(C)C)C)=O)c(O)cc1,ZINC15797993,decoy,-21.08
Clc1cc(OC)c(C(=O)NNC(=O)c2[nH]nc(-c3ccc(C)cc3)c2)cc1,ZINC22429665,decoy,-20.28
O=C(NN1C(=O)[C@](CCc2ccccc2)(C)[N-]C1=O)c1[nH]c2c(c1)cc(C)cc2,ZINC29543360,decoy,-14.99
S(=O)([O-])(=Nc1c(OC)cc(OC)cc1)c1cc2c([nH]c3c2CCCC3)cc1,ZINC06929308,decoy,-18.19
O=C(N/N=C\c1c(O)cc(OCC)cc1)[C@@H]1Oc2c(OC1)cc1c(c2)cccc1,ZINC16677622,decoy,-18.42
O(CC=C)c1c([C@@H]2n3c4c(nc3[NH+]=C(N)N2)cc2OCCCOc2c4)cccc1,ZINC12630196,decoy,-15.91
S([C@H](C(=O)NC(=O)NC1CC1)C)c1nc(N)c2c(sc3c2CCCC3)n1,ZINC12723714,decoy,-15.42
S([C@H](C(=O)Nc1c(C#N)c2c(s1)CCC2)C)c1n(N)c(C(C)(C)C)nn1,ZINC23431865,decoy,-11.53
FC(F)(F)C(=O)[C@H]1[C@@H](c2ccc(O)cc2)NC(=O)N[C@@]1(O)c1ccc(C)cc1,ZINC27753962,decoy,-22.5
O(CCN1[C@@H](c2cc(O)ccc2)c2c(-c3c(O)cc(C)cc3C)n[nH]c2C1=O)C,ZINC06743297,decoy,-13.18
S(=O)(=O)(NCCC)c1cc2[C@H]3[C@H]([C@H](c4c(O)cccc4)Nc2cc1)CC=C3,ZINC14474246,decoy,-13.01
O=C(N[C@H]1[C@H](C)[C@H](C)CCC1)COC(=O)c1c(N)c2c(C)nc(C)nc2s1,ZINC29212146,decoy,-13.85
O=C(NNC(=O)C1=NNC(=O)c2c1cccc2)c1ccc(C2CCCCC2)cc1,ZINC18823000,decoy,-16.11
S(=O)(=O)(N)c1c(C)ccc(NC(=O)[C@@H]([NH+](Cc2c(C)cc(C)cc2)C)C)c1,ZINC24814016,decoy,-18.97
O=C1N(C)C=2N/C(=[N+]/3\CCN(C)CC\3)/N(C/C=C/C)C=2C(=O)N1,ZINC05666446,decoy,-18.39
BrC=1C(=O)NC(=O)N([C@@H]2O[C@H](CO)[C@H]3O[C@@H]23)C=1,ZINC06524082,decoy,-21.45
FC=1C(N2C[C@@H](C)[NH2+]CC2)=CC2=C(CC)C=C(C(=O)[O-])C(=O)N2C=1,ZINC06425603,decoy,-14.74
O=C1[C@@H]([n+]2ccccc2)[C@@H](c2ccc(O)cc2)[C-](C#N)C(=O)N1,ZINC04141968,decoy,-22.37
O=C1C(/C=N/[C@@H](C)C23CC4CC(C2)CC(C3)C4)C([O-])=NC(O)=N1,ZINC09242638,decoy,-19.3
O=C1[C@H](C[NH2+][C@H]2C(=O)[N-]OC2)[C@@H]2[C@H](O1)C[C@]1(C)[C@H](C(=C)CCC1)C2,ZINC04045118,decoy,-11.88
O=C(OC)[C@H]1S[C@@H]2N(C(=O)C1)CN(N1CC[NH+](C)CC1)CN2,ZINC19168398,decoy,-13.61
O=C(C)N1CCC(C2CC[NH+]([C@@H]3C(=O)NC(=O)C3)CC2)CC1,ZINC15080463,decoy,-20.5
O=C(Nc1c(C(=O)[O-])c2c(s1)C[NH+](C)CC2)[C@H]1OCCC1,ZINC20335292,decoy,-14.75
O=[N+]([O-])c1oc(/C=C/2\C(=O)[C-](c3sccn3)C(=[NH2+])S\2)cc1,ZINC06025555,decoy,-19.02
O=C([O-])[C@@H]1[C@@H](C(=O)NC23CC4CC(C2)CC(C3)C4)[C@H]2O[C@@H]1C=C2,ZINC17054298,decoy,-13.51
O=C([O-])[C@H]1[C@@H]2[C@]3(C)C(=O)O[C@@]2([C@H]2[C@]41CC(=C)[C@@](O)(C4)CC2)CC=C3,ZINC04102254,decoy,-6.76
O=C(CCN1C(=O)C2([N-]C1=O)CCCCC2)N1C[C@H](O)CCC1,ZINC26241026,decoy,-15.77
Fc1ccc(CONC2=C3C(=O)N(C)C(=O)[N+](C)=C3[N-]C=C2)cc1,ZINC23960566,decoy,-19.18
O=C([O-])c1c2NC(C)=C(C[NH+]3C[C@H](C)CCC3)C(=O)c2ccc1,ZINC19794171,decoy,-12.88
FC(F)(F)[C@]1(O)C(=O)NC=2N3C(SC(C)(C)C3)=NC(=O)C1=2,ZINC04745725,decoy,-8.86
O=C(N[C@H](C)[C@@H]1OCCC1)C=1C(=O)NC2=C(C(=O)CCC2)C=1,ZINC27892185,decoy,-19.17
Brc1ccc(NC2=C(C#N)C(=O)[N-]C(=O)N2)cc1,ZINC01699039,decoy,-18.48
S(=O)(=O)([O-])c1ccc(Nc2c3c([nH+]c(C)c2)cccc3)cc1,ZINC06244600,decoy,-18.91
O=C(N)[C@@H]1N2C(=O)[C@H](N3C(=O)[C@@H]4N(C(=O)C3)CCC4)C[C@H]2SC1,ZINC12356093,decoy,-23.02
ClC1=N[C@H]2C(N3CCCC3)=NC(N3CC[NH2+]CC3)=NC2=N1,ZINC05840971,decoy,-14.31
O=C(NN1CCN(C)CC1)CCN1C(=O)[C@H]2[C@@H](C1=O)[C@@H]1C=C[C@H]2C1,ZINC20107371,decoy,-13.64
O=C(N/N=C/1\[C@]2(C)C(C)(C)[C@H](C\1)CC2)CN1C(=O)NC(=O)C=C1,ZINC15721622,decoy,-16.88
O=C1NC(C)=CC=2C(Cc3cc4OCOc4cc3)=NNC(=O)C1=2,ZINC01031069,decoy,-21.89
S=C1N([C@H](CC)C)C(=O)/C(=C/NN2CCOCC2)/C([O-])=N1,ZINC06555289,decoy,-19.79
O=C(/N=C\1/SC2=C(N/1)CCN(CC)C2)CN1C(=O)SCC1,ZINC21295696,decoy,-11.46
S(CC1=C2C(OC(O)=C1)=CC(=NC(=O)C)C=C2)c1ncn[n-]1,ZINC21237328,decoy,-21.99
S=C(NC(=O)C)NN1C(=O)[C@H]2[C@@H]3C(C1=O)=CC=CC3=CC=C2,ZINC05786781,decoy,-18.12
O=C(N[C@@H]1CS(=O)(=O)CC1)CN1CCN(C2CCCC2)CC1,ZINC27118626,decoy,-13.59
IC=1C(=O)NC(=O)NC=1C(=O)OCC,ZINC01872278,decoy,-17.44
O=C(NC(=O)CN1CC[NH+](C2CCCC2)CC1)NC1CCCCC1,ZINC27118620,decoy,-13.23
O=C(OCC)[C@H]1[C@@H](c2c(O)ccc3c2cccc3)NC(=O)NC1=C,ZINC08228607,decoy,-14.25
O=C1C(C[NH+](C)C)=C2OC(O)=C(c3[nH]c4c(n3)cccc4)C=C2C=C1,ZINC06187670,decoy,-15.25
O(CC)C1=CC2=N/C(=N\C3=[NH+]C(C)(C)C=C(C)N3)/NC(C)=C2C=C1,ZINC06784148,decoy,-12.0
O=C(O[C@H]1[C@H]2OC[C@H]([NH3+])[C@H]2OC1)Nc1c2c(ccc1)cccc2,ZINC04236088,decoy,-17.63
O=C(NCC=1C(=O)NC(C)=CC=1C)c1cc2c(cc(OC)cc2)cc1,ZINC16512481,decoy,-22.18
Clc1ccc(C2(C3=NC(CNC(=O)C)=CC(=O)N3)CCC2)cc1,ZINC23251202,decoy,-20.96
Clc1c(Cl)ccc(-c2[nH]nc(C3=C(N)C(=O)NN=C3C)c2)c1,ZINC00132250,decoy,-23.5
Clc1c(OC)ccc([C@@H]([NH3+])c2cc(S(=O)(=O)C)ccc2)c1,ZINC20521904,decoy,-16.87
O=C1N(c2ccccc2)N=C2NC([NH2+]CCC)=C3C(N(C)CC3)=C12,ZINC25784460,decoy,-12.22
O=C(O[C@H]1[C@](CO)(C)[C@H]2[C@](C)([C@H]3[C@H](OC(=O)C3)CC2)CC1)NCC,ZINC04259951,decoy,-8.19
S(=O)(=O)(N1CCC(C)CC1)c1cc2c(N)cc(C)[nH+]c2cc1,ZINC05995887,decoy,-18.75
O=C(NCc1cc2OCOc2cc1)C12CC3(O)C[C@H](C1)C[C@@H](C3)C2,ZINC12635408,decoy,-22.67
Fc1ccc(NC(=O)NC=2C(=O)Oc3c(C=2NC)cccc3)cc1,ZINC06747054,decoy,-17.85
[NH3+]C[C@H]1O[C@@H](c2ccccc2)O[C@H]2[C@H]1O[C@H]1OC(C)(C)O[C@@H]21,ZINC17301890,decoy,-15.22
O=C([O-])[C@H]1[NH2+][C@H](c2cc(C)c(O)c(C)c2)c2[nH]c3c(c2C1)cccc3,ZINC03679081,decoy,-16.95
Brc1oc(C(=O)N/N=C/c2cc(O)c(O)cc2)cc1,ZINC13965617,decoy,-31.9
O=C1[C@@H]2Oc3c(O)ccc4c3[C@]32[C@](O)([C@@H]([NH+](CC=C)CC3)C4)CC1,ZINC04475310,decoy,-13.22
S=C1N=C2NC3=C([C@@H](c4ccc(C)cc4)C2=C(N)N1)C(=O)CCC3,ZINC08507592,decoy,-12.3
O=C(Nc1c(C)cccc1C)C/N=C/C=1C(=O)Nc2c(cccc2)C=1,ZINC27078018,decoy,-22.22
O=C1N(C)c2c(O[C@@H]1C)ccc(-c1c(C[NH3+])n3c(n1)C=C(C)C=C3)c2,ZINC31975622,decoy,-18.78
O(C)[C@@H]1C[C@H](O)[C@@]2(C)[C@@H]([C@@H](O)C[C@@H]3[C@H]2CC[C@]2(C)C(=O)CC[C@@H]32)C1,ZINC25542801,decoy,-8.3
Clc1cc(Cl)cc(OCC(=O)N2[C@H](C(=O)N)CCCC2)c1,ZINC31671419,decoy,-23.17
O=C(N/N=C/[C@@H]1CC=C(C)CC1)[C@@H]1[C@@H](c2ccccc2)CNC1=O,ZINC13562107,decoy,-22.25
O=C(Nc1sc2c(n1)CCN(C)C2)c1c(C)c(C(=O)C)c(C)[nH]1,ZINC23607796,decoy,-14.94
O=C(Nc1cc2NC(=O)CSc2cc1)c1[nH]nc(CCC)c1,ZINC30013575,decoy,-17.46
Clc1cc2[nH]c(SCCC(=O)NC(=O)NC)nc2cc1,ZINC29964720,decoy,-20.47
O(C)c1c(N2CCN(c3c(N)c[nH+]cc3)CC2)ccc(OC)c1,ZINC03634593,decoy,-23.15
O=C([C@H](Nc1ccc([NH+]2CCCCCC2)cc1)C)N1C(=O)NCC1,ZINC08216308,decoy,-15.88
S(Cc1oc(-c2sc3c(c2)CCCC3)nn1)c1[nH]c(N)nn1,ZINC07985091,decoy,-24.48
S=C1NC(C[C@@H]2[C@H]3C[C@@H](C2)CC3)=NC=2N(C)C(=O)NC(=O)C1=2,ZINC21958435,decoy,-14.77
Oc1c(C[NH+]2CCC(c3n(C)cnn3)CC2)cc2OCOc2c1,ZINC29539926,decoy,-18.61
O=C1C(CN2[C@@H](C)C[NH+]3[C@@H](C2)C[C@@H](O)C3)=COc2c1cccc2,ZINC19576032,decoy,-18.11
O=C1C([O-])=C2C(C=3OC1=3)=C1[NH2+]c3c(c4c(cc3)cccc4)C=C1C=C2,ZINC05162896,decoy,-16.57
O=C1[C-](c2[nH+]c3c(c(C)cc(C)c3)cc2)C(=O)c2c1cc(O)cc2,ZINC04906952,decoy,-22.02
O=C1[C@H](C)[C@H](C)[C@@H]([C@H](O)C)C(=O)OCC=2[C@H]3[NH+](CC=2)CC[C@H]3O1,ZINC06066999,decoy,-11.32
O=C(NC1CC[NH+](CC)CC1)C=1C(=O)N2C(=NC=1)C=CC(C)=C2,ZINC30626398,decoy,-18.47
O=C(OCC)N1C[C@@H]2[C@@H](C)C(C#N)(C#N)C(=N)C(C#N)C2=CC1,ZINC04452976,decoy,-9.07
O=C1N(O)[C@@H]2[C@](C)([C@@H]3[C@H]([C@@H]4[C@](C)(NC(=O)CC4)CC3)CC2)CC1,ZINC04983665,decoy,-11.85
S(C(=[NH2+])N1CCOCC1)CC=1N=C2SC=CN2C(=O)C=1,ZINC11252552,decoy,-20.23
Fc1ccc(CCN2C(=[NH2+])S[C@@H]3[C@@H]2CS(=O)(=O)C3)cc1,ZINC09051981,decoy,-17.78
O=C1/C(=C/c2c(C)n(c(C)c2)-c2ccc(C#N)cc2)/NC(=O)N1,ZINC14010020,decoy,-21.3
O(C)c1c(O)ccc(/C=N/N2CC/[N+](=C\3/NC=CC=C/3)/CC2)c1,ZINC05795279,decoy,-24.03
O[C@H]1[C@@H](C[NH+]2[C@H](c3cnccc3)CCC2)O[C@@H]2OC(C)(C)O[C@H]12,ZINC22115777,decoy,-18.0
ClC=1C=C(C(=O)N[C@H]2C[NH+](CC)CCN(C)C2)c2n(ccn2)C=1,ZINC22928237,decoy,-18.47
O=C(N[C@@H]1c2c(n(C)nc2)CCC1)[C@H]1c2c(NC(=O)C1)cccc2,ZINC24992188,decoy,-20.02
O(C)c1ccc(-n2c(C)c[n+]3c2[nH]c2N(C)C(=O)NC(=O)c32)cc1,ZINC05796876,decoy,-20.55
O=C(CCC=1C(=O)Nc2c(N=1)cccc2)N1C[C@@H]2[NH+](CC1)CCC2,ZINC20542807,decoy,-15.0
O=C(CN1C(=O)c2[nH]c3c(c2C=N1)cccc3)N1CCN(C)CC1,ZINC06937578,decoy,-16.43
O=C1[C@@H]2[C@H]3C(=O)CCC(=C3)C[C@H]3[NH2+]C[C@H](N(C)C3)CC(=C2)CC1,ZINC22944675,decoy,-15.8
O=C(N1CCOCC1)[C@H]1[C@H](c2c(C)cc(C)cc2)NC(=O)NC1=C,ZINC03260477,decoy,-15.6
BrC1=CC2=C(NN3CCN(C)CC3)C(=O)N=C2C=C1,ZINC06371962,decoy,-16.21
[NH+](CC/N=C/1\NC(c2cc3c(cc2)cccc3)=NC2=NC=N[C@H]\12)(C)C,ZINC31970215,decoy,-17.05
O=C1N2C(C(C)=CC=C2)=Nc2[n+](c(N)c(C#N)cc12)C1CCCCC1,ZINC00092641,decoy,-16.75
O=C(NNC(=O)N1CCOCC1)CC12CC3CC(C1)CC(C2)C3,ZINC27337829,decoy,-18.08
O=C([C@@H](C)N1C(=O)c2c(C)c(C)sc2N=C1)N1CC[NH2+]CC1,ZINC31946097,decoy,-15.15
O=C1N2N=C(c3occc3)SC2=NC(CN2CC[NH2+]CC2)=C1,ZINC20129974,decoy,-15.09
Brc1cc(/C=N/NC(=O)C[n+]2c(C)[n-]cc2)c(O)cc1,ZINC06129819,decoy,-23.2
Clc1cc(-c2[nH]nc(C(=O)N3CC(=O)NCC3)c2)ccc1,ZINC25050559,decoy,-22.34
O=C1N(CN2CC[NH+](C(C)C)CC2)C(=O)NC21CCCCCC2,ZINC26646408,decoy,-10.6
O=C(N[C@H]1[C@@H](C(C)(C)C)CCCC1)CCC=1C(C)=NS(=O)(=O)NC=1C,ZINC25092280,decoy,-15.33
O=C(NNC(=O)C1=NN(C)C(=O)c2c1cccc2)C[C@@H](C)c1ccccc1,ZINC12867618,decoy,-18.75
S(=O)(=O)(N)c1cc(C(=O)N(Cc2cc(F)c(OC)cc2)C)c(C)cc1,ZINC23735094,decoy,-22.39
S=C1N(CC)C(=O)/C(=C(/NNC(=O)C2CCCCC2)\C)/C(=O)N1CC,ZINC06585620,decoy,-14.02
ClC(Cl)(Cl)[C@@H](ON1C(=O)[C@@H](O)Oc2c1ccc(OC)c2)NC,ZINC16189373,decoy,-16.09
O=C(N[C@@H](c1ccc(OC)cc1)C1CC1)C=1C(=O)NC2=C(C(=O)CCC2)C=1,ZINC30007832,decoy,-19.81
S(=O)(=O)(NCCc1c2c([nH]c1)cccc2)c1cc2OC(=O)N(C)c2cc1,ZINC02222522,decoy,-21.68
O=C(Nc1c(OC)ccc(OC)c1)C/N=C\1/C=C2OC(O)=CC(C)=C2C=C/1,ZINC29397612,decoy,-23.83
O=C(NC)c1cc(CNC(=O)C2=NN(c3ccccc3)C(=O)CC2)ccc1,ZINC25936134,decoy,-20.35
O=C(NNC(=O)c1ccc(-n2nnnc2)cc1)Cc1c2c(ccc1)cccc2,ZINC23159664,decoy,-23.16
O=C(Nc1[nH]c2c(n1)cccc2)CN1C(=O)N(CCC)C(=O)C2=C1CCC2,ZINC23217262,decoy,-19.04
S(CC(=O)NN1C(=O)[C@@](CC)(C)[N-]C1=O)C12CC3CC(C1)CC(C2)C3,ZINC18759452,decoy,-7.63
O=C(NC)CN1[C@@H](N(C)C(=O)c2c1cccc2)c1c(O)c(OCC)ccc1,ZINC28924339,decoy,-15.64
Clc1c(C#N)ccc(NC(=O)CNc2cc(-n3c(C)nnn3)ccc2)c1,ZINC29687969,decoy,-23.08
O=C(NNC(=O)c1c(C)cco1)[C@@H](Oc1cc2OC(=O)C=C(C)c2cc1)C,ZINC31592107,decoy,-20.8
Brc1c(S(=O)(=O)NC(C)(C)C)cc(C(=O)NOC)cc1,ZINC30891957,decoy,-16.49
O=C(OCC)C1=C(C)N(CC=C)C(=O)[C@]21C(C#N)=C(N)Oc1c2cccc1,ZINC04517026,decoy,-11.0
S=C1N(CCC2=CCCCC2)C([O-])=C(/C=N/N2CCOCC2)C(=O)N1,ZINC05624752,decoy,-15.23
FC(F)(F)C1=Cn2c(CNC(=O)c3c(O)cc(OC)cc3)nnc2C=C1,ZINC22024330,decoy,-21.59
O=C(NNC(=O)c1noc(-c2ccccc2)c1)Cc1nc2SC=Cn2c1,ZINC28792346,decoy,-20.37
O=C(Nc1c(C)cc(C)cc1C)CN(CC1=NC(=O)c2c(N1)cccc2)C,ZINC06506503,decoy,-18.31
Clc1c(NC(=O)COC(=O)c2n[nH]c3c2cccc3)cc2OCOc2c1,ZINC10950290,decoy,-20.54
O=C(Nc1sc2C(=O)C[C@H](C(=O)NCc3sccc3)Cc2n1)CC,ZINC11910899,decoy,-19.57
S([C@H](C(=O)Nc1cc2OCCOc2cc1)C)C=1N(C(=O)NN=1)C1CC1,ZINC18973916,decoy,-18.4
ClC1=Cn2c(nc(COC(=O)CC3=NNC(=O)c4c3cccc4)c2)C=C1,ZINC05754567,decoy,-24.22
OCCN(CC)Cc1nn2C(C)=Nc3sc4c(c3-c2n1)CC(C)(C)OC4,ZINC02432055,decoy,-9.25
O=C(NNC(=O)c1c(C)cc(C)cc1)CCN1C(=O)c2c(scc2)N=C1,ZINC14077911,decoy,-20.51
Clc1ccc(-c2sc(C(=O)OCC(=O)NC(=O)NC)c(C)n2)cc1,ZINC10697157,decoy,-22.36
Fc1c(OCC(=O)NNC(=O)[C@@H]2Oc3c(OC2)cccc3)ccc(F)c1,ZINC24555313,decoy,-20.43
Fc1cc(F)cc(CNC(=O)CCN2C(=O)C3([N-]C2=O)CCCCC3)c1,ZINC30160636,decoy,-15.44
O=C(NC1CC1)[C@H](C)N1CCN(CC=2N=C3SC=CN3C(=O)C=2)CC1,ZINC28750545,decoy,-12.92
N(CCCN1CCOCC1)C=1n2nc3nc(C)cc(C)c3c2N=C(C)C=1,ZINC02204268,decoy,-14.22
Clc1cc(CN2[C@H](CC(=O)OC)C(=O)NCC2)c2OCOCc2c1,ZINC20943628,decoy,-17.36
ClC=1C(=O)N(CN2CCN(CC(=O)NC(C)C)CC2)N=CC=1Cl,ZINC22281021,decoy,-12.65
O=C(NCC12CC3CC(C1)CC(C2)C3)CN(C)[C@@H]1CS(=O)(=O)CC1,ZINC10109482,decoy,-11.96
O=C(NN1C(=O)C2([N-]C1=O)CCCCC2)CN(Cc1ccc(C)cc1)C,ZINC14134694,decoy,-11.67
S(=O)(=O)(N(C)C)c1cc(NC(=O)CN2CCCCC2)c(C)c(C)c1,ZINC28900649,decoy,-10.17
S=C1N=C(C[C@H]2[C@H]3C[C@@H](C2)CC3)[N-]C=2N(CCOC)C(=O)NC(=O)C1=2,ZINC22144215,decoy,-10.38
Fc1c([C@H](N[C@@H](C(=O)N(C)[C@H]2CS(=O)(=O)CC2)C)C)ccc(F)c1,ZINC28879150,decoy,-13.36
O=C1N(C)C(=O)C(C#N)=C(NCc2cc(Cn3cncc3)ccc2)N1C,ZINC30587544,decoy,-23.92
O=C(NC[C@H]1OCCC1)C1CCN(CN2C(=O)N3C(=N2)C=CC=C3)CC1,ZINC26661146,decoy,-18.1
S(=O)(=O)(CCC)N1CCN(Cc2c(O)ccc3c2cncc3)CC1,ZINC29541496,decoy,-16.68
O=C(C)N1CCN([C@H](C(=O)c2c(C)c(C(=O)OC)c(C)[nH]2)C)CCC1,ZINC27564845,decoy,-18.11
S(=O)(=O)(NCC(C)(C)N1C[C@@H](C)O[C@H](C)C1)N1CCCCCC1,ZINC22413327,decoy,-12.94
BrC=1C(=O)NC(=O)N(CC(=O)NCCC2=CCCCC2)C=1,ZINC14517523,decoy,-22.72
O=C(OCC)N1CCN(C2=C(C/C=C(\C)/C)C(=O)N(C)C(=O)N2)CC1,ZINC06621041,decoy,-13.93
O=C(OC)CC1=C(O)OC2=C(C[NH+]3C[C@H](C)CCC3)C(=O)C=CC2=C1C,ZINC06167330,decoy,-11.27
Fc1cc2[nH]cc([C@@H](C(=O)[O-])[NH+]3CCN(C(=O)OCC)CC3)c2cc1,ZINC12409066,decoy,-9.34
O=C(Nc1cc2OCCOc2cc1)CCN1CCN(C(=O)C2CC2)CC1,ZINC16340324,decoy,-11.65
O=C(NCc1c(CN2CCOCC2)cccc1)C1=NN(C)C(=O)C=C1,ZINC24378990,decoy,-22.36
O=C(NC[C@H]1OCCOC1)CN1C[C@@H](C)Oc2c(ccc(OC)c2)C1,ZINC11881795,decoy,-17.25
Clc1ccc(OC[C@H](O)CN2C(=O)[C@]3([N-]C2=O)CSCC3)cc1,ZINC24097013,decoy,-15.78
O=C(COC(=O)c1ccc(-c2ccc(O)cc2)cc1)N1CC(=O)NCC1,ZINC23393738,decoy,-30.7
O=C(N1[C@H](CO)CCCC1)c1n[nH]c(COc2cc3OCOc3cc2)c1,ZINC12433920,decoy,-18.26
O=C(Nc1sccn1)[C@@H]1[C@H]2C[C@H](Cn3nnc(C(=O)C)c3)N(C1)CC2,ZINC08299642,decoy,-17.92
O=C(N[C@@H](C)c1oc2c(c1)cccc2)CN1C(=O)[C@@](C)(C2CC2)[N-]C1=O,ZINC07478956,decoy,-16.78
S(=O)(=O)(C)N1CCN([C@H](C(=O)NCc2ccc(F)cc2)C)CCC1,ZINC24925022,decoy,-18.09
S(=O)(=O)(NCC[NH+]1[C@@H](C)CCCC1)c1cc2OC(=O)N(C)c2cc1,ZINC04101475,decoy,-19.8
O=C(NCCN1CCOCC1)CN1C(=O)c2n(-c3c1nccc3)ccc2,ZINC20512305,decoy,-21.9
ClCC(=O)N1CCN(CCc2nc(C3=CNC(=O)C=C3)on2)CC1,ZINC22627864,decoy,-21.91
O=C(N/N=C/C=1C(=O)c2c(OC=1)ccc(C)c2)[C@@H]([NH3+])Cc1ccccc1,ZINC01878036,decoy,-22.76
O(C)c1ccc([C@@H]2N3NC(N)=[NH+]C3=N[C@@H](c3ccc(OC)cc3)C2)cc1,ZINC13132154,decoy,-22.07
O(CC)c1c(O)ccc([C@@H]2C(C#N)=C(N)Oc3[nH]nc(C(C)C)c23)c1,ZINC06380837,decoy,-8.96
O(CCC#N)[C@@H]1[C@@H](c2cc(O)c(O)cc2)Oc2c(c(O)cc(O)c2)C1,ZINC06092136,decoy,-25.04
O=N/C(/c1ccc(O)cc1)=C\1/C=C/C(=C(/NO)\c2ccc(O)cc2)/C=C/1,ZINC06500031,decoy,-30.47
O=C(OCC)Nc1[nH+]c(N)c2N=C(c3ccc(C)cc3)CNc2c1,ZINC05459761,decoy,-14.24
S(CC(=O)Nc1c(C#N)c2c(s1)CCC2)c1[nH+]c(N)cc(N)n1,ZINC06756410,decoy,-28.63
Clc1cc(C(=O)OCC(=O)/C(/C#N)=C/2\Nc3c(N\2)cccc3)[nH]c1,ZINC25194916,decoy,-21.8
OC=1N2[C@H](c3cnccc3)N=C(NCc3ccccc3)N=C2NC(=C)C=1,ZINC19938216,decoy,-23.46
O=C(N/N=C/c1c(O)c(OC)ccc1)C(=O)Nc1c(C)ccc(C)c1,ZINC05542442,decoy,-22.46
O=[N+]([O-])c1ccc(NNC(=O)C[C@H]2[NH+](C)CCc3c2cccc3)cc1,ZINC08376603,decoy,-19.34
O(C)c1ccc(N2CCN(C(=[NH2+])Nc3nc(O)cc(C)n3)CC2)cc1,ZINC13550791,decoy,-22.77
O=[N+]([O-])c1c([C@@H]2NCCc3c2cc(O)c(O)c3)cc(OC)c(OC)c1,ZINC03703662,decoy,-25.53
Clc1ccc(NC(=O)OCCn2c(C3([NH3+])CCCC3)nnn2)cc1,ZINC01512051,decoy,-12.56
Clc1cc2nc(/C=C/C(O[C@H](C(=O)NC(=O)N)C)=O)ccc2cc1,ZINC27702843,decoy,-31.45
Fc1c(OC)ccc(/C=C/C(=O)NNC(=O)c2n[nH]c3c2CCCC3)c1,ZINC22552392,decoy,-21.36
Fc1ccc(-c2nc(NC(=O)CNC(=O)C3CCCCC3)n[n-]2)cc1,ZINC28685518,decoy,-16.88
Fc1c(NCC(=O)NCc2ccc(C)cc2)cc2NC(=O)CCc2c1,ZINC25749350,decoy,-24.43
O=[N+]([O-])c1ccc(C(=O)Nc2ccc(C=3NC(=[NH2+])SC=3)cc2)cc1,ZINC05589182,decoy,-24.74
S(Cc1nc(N)nc(N)n1)c1c(C#N)c(C(F)(F)F)cc(C)n1,ZINC26675942,decoy,-30.74
Fc1c(CN2C(=O)N(C)C=3N/C(=[NH+]/CCC(C)C)/NC=3C2=O)cccc1,ZINC05789637,decoy,-16.03
Fc1c(F)c(NC(=O)COC(=O)c2c(O)cc(O)cc2)ccc1F,ZINC03417761,decoy,-30.59
O[C@@H]1[C@H](O)[C@H](Nc2ccc(N=Nc3ccccc3)cc2)O[C@@H](C)[C@H]1O,ZINC17750533,decoy,-18.41
Clc1ccc(N2C(NN)=Nc3c(C2=O)cc(OC)c(OC)c3)cc1,ZINC15424601,decoy,-16.85
O=C1N(c2cc3OCOc3cc2)C(=O)C[C@H]1[NH2+]CCC1=CCCCC1,ZINC28284831,decoy,-20.36
O=C(NC(=O)c1[nH]ccc1)COC(=O)c1[nH]c2c(c(C)cc(C)c2)c1,ZINC27543609,decoy,-20.63
O=C(N/N=C/c1c(O)c(C)ncc1CO)c1ccc(C(C)(C)C)cc1,ZINC00256101,decoy,-20.14
Clc1ccc(C2(C(=O)NNC(=O)c3[nH]cc([N+](=O)[O-])c3)CC2)cc1,ZINC24119652,decoy,-19.8
O=C(NC(=O)CN(Cc1cc2OCOc2cc1)C)Nc1ccc(C)cc1,ZINC24730069,decoy,-19.79
O=C(NCC=C)c1c(N/C=C\2/C(=O)NC(=O)c3c/2cccc3)cccc1,ZINC16721375,decoy,-22.58
O=C(NC)CN1CCC(NC(=O)c2[nH]c3c(c2)ccc(OC)c3)CC1,ZINC25235501,decoy,-19.88
Brc1ccc(-n2nc([C@@H](O)[C@@H](O)[C@H](O)CO)cn2)cc1,ZINC04982800,decoy,-19.37
[S-]/C(/NC)=C(\C(=O)c1cc2OCOc2cc1)/[n+]1cc(CO)ccc1,ZINC27302568,decoy,-22.0
O(C)c1c(OC)cc2c(c(c(CO)c(CO)c2)C2=CC(=O)NC=C2)c1,ZINC12360776,decoy,-18.56
O=C(N/N=C/c1c(O)cc(O)cc1)c1cc[n+](Cc2ccccc2)cc1,ZINC00436436,decoy,-31.89
O=C(NC(C)(C)C)CNC(=O)C12CC3(NC(=O)C)C[C@H](C1)C[C@@H](C3)C2,ZINC09917645,decoy,-11.85
O=C(NCCc1nc[nH]c1)[C@H](C)[C@@H]1[C@@H](O)C=2[C@](C)(C=CC(=O)C=2)CC1,ZINC11639516,decoy,-19.08
O=C(N[C@H](C(=O)N1CCOCC1)CO)/C=C/c1c2c([nH]c1)cccc2,ZINC06864811,decoy,-22.43
O=C1[C@](CO)(C[NH+]2CCCCC2)S/C(=N/CN2CCCCC2)/N1,ZINC19119089,decoy,-14.06
OCc1c(C[NH+]2CCC(n3nnc(C4CC4)c3)CC2)c(O)c(C)nc1,ZINC20119028,decoy,-15.21
O=C(N/N=C/c1c(O)ccc2c1cccc2)CC[NH+]1CCN(C)CC1,ZINC19370582,decoy,-21.39
O=C(N[C@H]1[C@H](O)[C@@H]([NH+](CC)CC)[C@H]2O[C@@H]1CO2)NC1CCCCC1,ZINC12483696,decoy,-9.3
O=C(/C=C/C[C@@H]([NH3+])c1ccccc1)C=1C(=O)N(C)c2c(C=1[O-])cccc2,ZINC04267201,decoy,-20.65
O=C(NC1(C#N)CCCCC1)[C@@H](C)N1CCC(NC(=O)C2CC2)CC1,ZINC30280116,decoy,-6.9
O=C(N)CN1[C@H](c2cc(OC)c(OC)cc2)[C@@H]2[C@](O)(CC1)CCCC2,ZINC00490958,decoy,-19.47
O=C(N)[C@H](C(C)C)N1C(=O)C[C@H]2[C@H](CN(C(=O)NCC=C)CC2)CC1,ZINC15673186,decoy,-18.33
Clc1c(C[n+]2c(NCC=C)[n-]c3N(C)C(=O)NC(=O)c23)cccc1,ZINC06208851,decoy,-17.66
BrC1=CN2C(=O)C=C(CN(C(C)C)CC(=O)N)N=C2C=C1,ZINC08532690,decoy,-24.28
O=C(N)c1ccc(CN2C[C@@H](O)c3c(OC)ccc(OC)c3C2)cc1,ZINC30588761,decoy,-28.41
S=C1N(C)C(CCC(=O)N)=NN1CN1CCC2(OCCO2)CC1,ZINC26610954,decoy,-18.93
O=C(N/N=C/c1ccc(NC(=O)C)cc1)Cc1[n-]c2scc[n+]2c1,ZINC06503456,decoy,-23.14
O=C(NNC(=O)c1ccc(C)cc1)NCc1c(-n2cncc2)nccc1,ZINC29327200,decoy,-23.29
O=C(NCCCC)c1c(N)[n+](C)c2N=C3C(C)=CC=CN3C(=O)c2c1,ZINC05151780,decoy,-17.83
OC[C@H]1[C@@H](O)[C@H](O)[C@@H](c2n[n+](n(-c3ccccc3)n2)-c2ccccc2)O1,ZINC05706537,decoy,-18.61
O(CC)c1cc2c([nH]c3C(=O)N(CCN4CC[NH2+]CC4)C=Nc23)cc1,ZINC02430535,decoy,-12.79
Brc1cc(CO)c(O[C@@H](C(=O)NC(=O)NCC)C)cc1,ZINC20483057,decoy,-21.69
O=C(NCCO)C(=O)Nc1n(-c2cc(C)ccc2)nc2c1CSC2,ZINC05419079,decoy,-22.48
Fc1ccc([C@H](CNC(=O)C2=CNC(=O)C=C2)N2CCOCC2)cc1,ZINC18046811,decoy,-21.97
O=C(CN1CCC(C(=O)N)CC1)c1c(C)n(c(C)c1)-c1noc(C)c1,ZINC26467243,decoy,-21.02
S(=O)(=O)(NCCNC(=O)c1c2[nH]c3c(c2ccc1)C[C@H](C)CC3)C,ZINC30865873,decoy,-15.13
O(C(OC)CNC1=C(C#N)C2=C(/C(=[N+]/3\CCCC\3)/N1)C[NH+](C)CC2)C,ZINC05793382,decoy,-13.25
O=C1[C@@](CO)(C[NH+]2CCCCC2)S/C(=N/CN2CCCCC2)/N1,ZINC19119093,decoy,-13.71
O=C(NCC[NH+]1CCCC1)CN1C(=O)c2[nH]c3c(c2C=N1)cccc3,ZINC06937258,decoy,-18.36
FC(F)(F)c1ccc(CN2CCN(CC(=O)NC(=O)N)CC2)cc1,ZINC29850488,decoy,-27.42
O=C1N(CC[NH+]2CCC(n3nnc(C[NH3+])c3)CC2)c2c(O1)cccc2,ZINC23231695,decoy,-13.4
[S-]/C(/NC)=C(\C(=O)c1c(C)c(C(=O)C)c(C)[nH]1)/[n+]1ccc(C)cc1,ZINC27303137,decoy,-15.89
O=C(N/N=C/C1=C([n+]2ccc(Cc3ccccc3)cc2)[N-]C(=O)S1)N,ZINC18193190,decoy,-26.14
Fc1ccc([C@H]2CC(=O)C(/C=N/CCN3CC[NH2+]CC3)=C(O)C2)cc1,ZINC19831755,decoy,-22.11
O=C(NNC(=O)C)CN1CC[NH+](Cc2c3c(ccc2)cccc3)CC1,ZINC23478985,decoy,-18.18
O=C(NC1CCC(O)CC1)C=1C(=O)NC(C[NH+]2[C@H](C)CCCC2)=CC=1,ZINC19743233,decoy,-16.19
O=C(NC[C@H]([NH+](C)C)c1sccc1)c1c(C)oc2N=CNC(=O)c12,ZINC27680141,decoy,-19.1
O=C(NCc1sccc1)CC[C@@H]1[NH+](C)[C@H]2[C@H](N(C)CC2)C(=O)NC1,ZINC12531060,decoy,-16.26
FC(F)(F)C1=C(NC(=O)NCCO)C(=O)NC(c2ccccc2)=C1,ZINC01656559,decoy,-24.08
O(C)c1c(NC)cc(CO)c2c1N[C@@H](c1ccc(O)cc1)C[NH+](C)C2,ZINC13370851,decoy,-23.59
Fc1c(CC2=NC(=O)C3=C([N-]2)CC[NH+](C[C@](O)(C=C)C)C3)cccc1,ZINC06694143,decoy,-15.08
O=C(NCCCOC)[C@@H]1[C@]2(C(=O)Nc3c2cccc3)[NH+]2[C@@H](C1)CCC2,ZINC21161021,decoy,-15.37
O=C(C[NH+]1CCN(Cc2cc(C(=O)N)ccc2)CCC1)N1CCCC1,ZINC29224645,decoy,-25.96
O=C(Nc1cc(C(NNC(=O)c2c(C)[n-]c3[n+]2cccc3)=C)ccc1)C,ZINC06383554,decoy,-20.29
O=C(NC1(C#N)CCCCC1)[C@H](C)N1CCC(NC(=O)C2CC2)CC1,ZINC30280121,decoy,-6.99
FC(F)(F)CO[C@H]1C[C@@H](NC(=O)N2CCC(C(=O)N)CC2)CCC1,ZINC28361899,decoy,-20.54
O=C(NCc1cc(C[NH+](C)C)ccc1)c1c2c(O)nn(C)c2nc(C)c1,ZINC25148193,decoy,-14.81
O=C(NC[C@@H]([NH+]1CCCC1)c1cc2c(N(C)CCC2)cc1)C(=O)NC,ZINC09135683,decoy,-14.02
Fc1cc(C(=O)NC[C@@H]2[C@H]([NH+]3CCCCC3)[C@H](O)[C@H](CO)O2)ccc1,ZINC20465692,decoy,-19.27
O=C(NCCc1nc[nH]c1)[C@@H](C)[C@H]1[C@@H](O)C=2[C@](C)(C=CC(=O)C=2)CC1,ZINC11639513,decoy,-18.96
O=C(N)CN1[C@H](c2cc(OC)c(OC)cc2)[C@H]2[C@](O)(CC1)CCCC2,ZINC02103983,decoy,-19.28
O=C(NC(=O)CC[NH+]1CCC(O)CC1)NC12CC3CC(C1)CC(C2)C3,ZINC16338563,decoy,-20.74
O=C(NNCC(=O)N1c2c(Sc3c1cccc3)cccc2)[C@@H]([NH3+])C,ZINC02021428,decoy,-14.8
S=C(N)c1c(N)[n+](CCOC)c2N=C3C(C)=CC=CN3C(=O)c2c1,ZINC04320723,decoy,-19.42
O=C(OC)C=1[C@H](c2ccc(C)cc2)NC(=O)NC=1CN1CC[NH+](C)CC1,ZINC20051530,decoy,-15.06
O=C(COc1cc2c(cc1)cccc2)N1CCN(C(=O)CC[NH3+])CC1,ZINC24864457,decoy,-16.67
O=C(NN1C(N)=C(c2ccccc2)C(=O)[CH-]1)c1c(C)[n+]2c([n-]1)cccc2,ZINC06383593,decoy,-17.27
O=C(N)c1c(N)[n+](C[C@H]2OCCC2)c2N=C3N(C(=O)c2c1)C=CC=C3,ZINC00092489,decoy,-23.3
O=C(O[C@@H]1C(C)=C[C@@H]2[C@@](CO)([C@@]3(C)[C@H](O)[C@@H](O)[C@H]([C@@]43OC4)O2)C1)C,ZINC05767519,decoy,-9.81
Brc1cc(C(=O)NNC(=O)C2=NN(C)C(=O)CC2)[nH]c1,ZINC24124153,decoy,-19.97
O(c1ccc(O)cc1)[C@@]1(C)[C@@](O)(C)[C@@](O)(C)[C@@](O)(C)[C@@](CO)(C)O1,ZINC09970259,decoy,-19.08
Br[C@@]12[C@@H](N(C(=O)C)[C@H](C(=O)OC)C1)OC(C(=O)N)=CC2,ZINC03846743,decoy,-24.55
O=C(NC1CCCCC1)N1C[C@@H](C(=O)N[C@@H]2C(=O)NCCC2)NCC1,ZINC05433772,decoy,-13.36
Cc1c(-c2nc(-c3c(-n4nnnc4)[nH]nc3)on2)c2c(cn1)C[NH2+]CC2,ZINC20212213,decoy,-15.85
O=C1N(C([O-])=C(/C(=N\[C@@H]2[C@@H]([NH3+])CCCC2)/C)C(=O)N1)C1CCCCC1,ZINC06904343,decoy,-11.32
S(CC(=O)N)c1n2C(N)=Nc3sc4c(c3-c2nn1)C[C@@H](C)CC4,ZINC16845750,decoy,-23.38
O=C(Cc1ccc(N2C(N)=[NH+]C(N)=NC2(C)C)cc1)N1CCOCC1,ZINC16954714,decoy,-21.64
O=C(CN1C(=O)c2[nH]c3c(c2N=C1)cccc3)N1CCC(C(=O)N)CC1,ZINC14001115,decoy,-23.12
O=C(N)C1([NH+]2CCCCC2)CCN(C2=Nn3c(C)nnc3C=C2)CC1,ZINC05068512,decoy,-19.42
S(CC(=O)NC(=O)N[C@@H]1[C@H](C)[C@H](C)CCC1)c1[n+](C)nc([O-])[nH]1,ZINC28933817,decoy,-16.17
Clc1c([C@@H]2[n+]3c4c([n-]c3NC(N)=N2)cccc4)cc([N+](=O)[O-])cc1,ZINC02237944,decoy,-18.15
O=C1N(C)c2nc3N(CCN4CC[NH2+]CC4)C(C)=C(C)n3c2C(=O)N1,ZINC20816323,decoy,-17.09
FC1=C(C)N2C(=O)C(C(=O)[O-])=CC(C3CC3)=C2C=C1N1C[C@@H]([NH3+])CC1,ZINC03637716,decoy,-13.33
Fc1cc2[C@]3(C(C#N)=C(N)OC(C)=C3C(=O)OCC)C(=O)Nc2cc1,ZINC00050644,decoy,-11.02
Brc1nn([C@@H]2[C@@H](O)[C@H](O)[C@@H](C[NH3+])O2)c2ncnc(N)c12,ZINC16052829,decoy,-25.87
N(N)C=1N=NNC=2C=1SC1=N/C(=[N+]\3/CCOCC/3)/C3=C(C=21)CCCC3,ZINC05789252,decoy,-25.17
O(C)c1c2c(OC(=O)C=3[C@@H](O)CCC2=3)c2[C@@H]3[C@@H](O)[C@H]([NH3+])O[C@@H]3Oc2c1,ZINC06483823,decoy,-14.32
Brc1c2C(N)=NNC(=O)c2n([C@@H]2O[C@H](CO)[C@@H](O)C2)c1,ZINC05973815,decoy,-24.91
O(c1n([C@@H]2[C@H]3OC[C@H]([NH3+])[C@@H]3OC2)nnn1)c1ccc(-n2ncnc2)cc1,ZINC25409458,decoy,-19.85
Brc1c(/C=N/NC=2n3c(nnc3)CC(=N)NN=2)cccc1,ZINC15226799,decoy,-25.38
N(=C\1/N=C2C(=C(C)N/1)C=C(C)C=C2)\C1=NCN(C[C@H]2OCCC2)CN1,ZINC06234312,decoy,-15.35
O=C(NCc1occc1)C=1C(=N)N(C)C=2N=C3N(C(=O)C=2C=1)C=CC=C3,ZINC04980877,decoy,-24.69
O(C)C=1[C@]2(O)O[C@@H]3[C@@H](NC)[C@@H](O)[C@@H]([NH2+]C)[C@H](O)[C@H]3O[C@@H]2O[C@H](C)C=1,ZINC06030584,decoy,-10.19
O=C(/N=C/1\SC=C(C23CC4CC(C2)CC(C3)C4)N\1)C(=O)NCCO,ZINC17028197,decoy,-17.52
O=C(Nc1cc2NC(=O)Nc2cc1)CN1C(=O)N2C(=N1)CCCCC2,ZINC29214984,decoy,-22.84
O=C1N([C@H]2[C@@H](O)[C@H](O)[C@H](Cn3c4c(cc3)cccc4)O2)C=CC(=O)N1,ZINC04773832,decoy,-24.18
