smiles,score
CC(C)COC(=O)C(C)NCc1coc(-c2ccccc2F)n1,-14.363483
Cc1ccc2nc(C)cc(C(=O)NCCOCCCNC(=O)C34CCC(C)(C(=O)O3)C4(C)C)c2c1,-6.990964
CC1(NC(=O)c2ccc(-n3cncn3)cc2)CN(C(=O)c2ccc(-n3cc[nH]c3=O)cc2)C1,-33.009322
CN(Cc1cccc2c1OCO2)C(=O)c1cc(C2CC2)[nH]c1C1CC1,-21.257507
O=C(NCC1CCN(C(=O)c2ccc(-c3ccncc3)cc2)CC1)c1ccc2c(=O)[nH][nH]c(=O)c2c1,-33.849418
COc1ccc(C2CC2Nc2cc(=O)[nH]c(=O)n2C)cc1,-26.005894
COC(=O)CNC(=O)Cc1ccc(NC(=O)c2ncc[nH]2)cc1,-17.711061
Cc1cccc(C(=O)NC2CC3(C2)CN(C(=O)c2cc(C)n(-c4cccc(C)c4)c2C)C3)c1,-15.361043
O=C(NC1CC(NC(=O)C2CCN(c3cc(=O)[nH]cn3)CC2)C1)c1ccc(-c2cn[nH]c2)cc1,-35.267517
O=C(NC1CCC1NC(=O)c1coc2ccc(O)cc12)c1ccc2c(=O)[nH]cnc2c1,-32.701696
O=C(CC1Sc2ccccc2NC1=O)NC1CC(O)CN(C(=O)CCOCc2ccccc2)C1,-18.59498
CC1CC2CCCC2N1S(=O)(=O)c1cccc(Br)c1,-17.360563
O=C(NCC1CCCN1C(=O)c1cc2cc(O)ccc2[nH]1)c1[nH]c2ccc(Cl)cc2c1Cl,-35.126564
O=C(NC12CC(NC(=O)c3ccc4n[nH]c(=O)n4c3)(C1)C2)c1ccc(O)cc1,-32.030147
CC(C)C(NC(=O)OC(C)(C)C)C(=O)NC1(CCNC(=O)C2CCC(Oc3ccccc3)CC2)CCC1,-0.380034
CCC(C)(C#N)NC(=O)c1cc(=O)[nH]c(C)n1,-13.101268
O=S(=O)(Cc1ccc(Cl)cc1)NC1CCCCC1Cc1ccccc1,-20.148328
COc1ccc(Cl)cc1C(=O)N1CC2CC(NC(=O)c3cc(C(F)(F)F)cc(C(F)(F)F)c3)C1C2,-18.568349
Cn1ccc(CCNC(=O)C(=O)Nc2c(F)c(F)c(F)c(F)c2F)n1,-21.150293
O=C(Cc1cccc2nonc12)NC1CCC(NC(=O)c2cc3cc(O)ccc3[nH]2)C1,-33.454258
O=C(NC1CC(NC(=O)c2cc(-c3ccncc3)n[nH]c2=O)C1)c1ccc2c(=O)[nH]cnc2c1,-33.716928
O=C(NC1CC(NC(=O)c2cc(Cl)c3ccncc3n2)C1)c1ccc2c(=O)[nH][nH]c(=O)c2c1,-30.551257
CC1CC(NC(=O)C2CCOC2)CCN1C(=O)c1cccc2c1oc1ccccc12,-23.095551
COc1ccc(C(=O)CSc2ncnc3[nH]cnc23)cc1F,-28.91136
NC(=O)c1ccc(/C=C/C(=O)NC2CCC2NC(=O)CNC(=O)c2cccs2)cc1,-31.613532
CC1CCCC(N2CC(C(=O)OC3CCCC(C)(C)C3=O)CC2=O)C1C,-8.035774
O=C(Cc1coc2cc(O)ccc12)NC1CC2(C1)CN(C(=O)Cc1cn[nH]c1)C2,-34.265307
COC(OC)C(=O)NCC1(CNC(=O)c2ccccc2SC)CCC1,-14.461228
OC(CNCCSCc1ccc(Cl)cc1)Cn1cccn1,-22.060551
COC(=O)C1CC(NC(=O)C(CCSC)NS(=O)(=O)c2cc(C(F)(F)F)ccc2Cl)CN1C(=O)OC(C)(C)C,-4.298114
Cc1ccc(C(=O)N2CCC3(CN(C(=O)CCn4cnc5c4c(=O)n(C)c(=O)n5C)C3)C2)cc1S(N)(=O)=O,-12.970232
CC(CNC(=O)c1ccc(-c2cn[nH]c2)cc1)(NC(=O)c1ccc2c(c1)NC(=O)CS2)C1CC1,-37.023628
O=C(CCc1nccs1)N1CCN(C(=O)C2CCS(=O)(=O)C2)CC1,-14.250836
O=C(Cn1cccc1)NCCCNC(=O)c1c(F)ccc(Br)c1F,-21.389802
O=C(c1ccc(-c2cn[nH]c2)cc1)N1CCC2C(C1)CN2C(=O)Cc1cccc2cnccc12,-31.139149
COCC(=O)N1CCC(n2cc(CCC(=O)OC)nn2)C1,-14.011628
CCN(CC(C)NC(=O)c1cc(OC)c(OC)c(OC)c1)C(=O)c1cccc(C(F)(F)F)n1,-11.641346
CCCCN/C(N)=N\Cc1cc(-c2ccccc2)no1,-17.120811
O=C(NC1CN(C(=O)c2ccc3cn[nH]c(=O)c3c2)CCC1O)c1cncc(-c2ccncc2)c1,-31.695674
O=C(NC12CC1CN(C(=O)c1cccc(-c3ccncc3)c1)C2)c1c[nH]c(=O)c2cnccc12,-29.927969
COC(=O)C(Cc1cnn(C)c1)[NH2+]Cc1cc2n(n1)CCC2,-15.120438
O=C(NCC1CCCN1C(=O)c1cc(=O)c2cc(O)ccc2o1)c1ccc2c(=O)[nH]cnc2c1,-29.147639
Cn1cccc1C(=O)C(=O)NC12CC(NC(=O)c3ccc(-c4cn[nH]c4)cc3)(C1)C2,-27.07244
O=C(NC1(C2CN(C(=O)Cc3cccc4cnccc34)C2)CC1)c1ccc(-c2ccc(O)cc2)cc1,-29.427107
O=C(NC1CN(C(=O)c2ccc3c(=O)[nH]cnc3c2)CC1F)c1ccc2cn[nH]c(=O)c2c1,-28.933317
CC1(C)CCC(C)(C)c2cc(C(=O)Nc3c(F)cccc3F)ccc21,-19.201519
N#CC1CN(S(=O)(=O)Cc2cncc(Br)c2)C1,-15.431996
CN1CCN(c2ccc(-c3cn4ccccc4n3)cc2)C1=O,-15.896821
NC(=O)c1ccc(CC(=O)NC2CC3(C2)CN(C(=O)c2ccc4c(c2)CCC(=O)N4)C3)cn1,-32.852713
C=CCN(C)CCCNC(=O)OCCC,-12.220531
NC(=O)c1cc(S(=O)(=O)NCC(=O)NC2CCN(C(=O)c3ccc4c(c3)CCC(=O)N4)CC2)c[nH]1,-40.943833
O=C(c1ccc2c(=O)[nH]cnc2c1)N1CC2(C1)CN(C(=O)c1ccc3cn[nH]c(=O)c3c1)C2,-28.512085
CC(NC(=O)COC(=O)c1nccs1)c1ccc(F)cc1,-21.979847
CN(CCCNC(=O)C(C)(C)c1ccno1)C(=O)C1CCN(S(=O)(=O)C(F)F)C1,-11.598262
Cc1cc(/C=C/C(=O)NCC2(NC(=O)c3nn(C)cc3Br)CCOC2)ccc1OC(C)C,-19.184497
O=C(CCc1cn[nH]c1)NC1COCCC1NC(=O)c1c[nH]c2ncncc12,-35.149385
CN(CC1CCCN1C(=O)c1cc2cc(Cl)ccc2[nH]1)C(=O)c1ccc(C(N)=O)cc1,-34.784328
O=C(NC12CC1CN(C(=O)c1nc3cnccc3s1)C2)c1cc2ccncc2s1,-29.659261
O=C1CNC(=O)c2cc(C(=O)NC3CCN(C(=O)c4ccc5c(=O)[nH][nH]c(=O)c5c4)C3)ccc2N1,-28.899948
NC(=O)c1ccc(C(=O)NC2CN(C(=O)CC3CCCC4CC34)C2)cc1,-34.30139
NC(=O)c1ccc(/C=C/C(=O)NCC2CN(C(=O)c3cc4ccc(F)cc4[nH]c3=O)C2)cc1,-33.18975
Cc1ccc(CCS(=O)(=O)NC(=O)c2ccc(F)c(F)c2)cc1,-15.670386
NC(=O)c1ccc(C(=O)NCCNC(=O)c2cc3c(=O)[nH]c4ccccc4c3s2)cc1,-34.225384
Nc1ncnc2cc(C(=O)NC34CC(NC(=O)Cc5cccc6cccnc56)(C3)C4)ccc12,-36.191277
NC(=O)c1cc(S(=O)(=O)NCC(=O)NCC2CCN(C(=O)c3ccc4c(c3)C(=O)NCC(=O)N4)C2)c[nH]1,-30.111386
Cc1ccc(C(O)C(C)n2cc(C(C)NC(=O)c3cc(NC(=O)CC(C)(C)C)ccc3Cl)nn2)cc1,-0.505361
CC(CNC(=O)C(NC(N)=O)C(C)(C)C)NC(=O)c1ccncc1F,-25.64772
Nc1ncnc2cc(C(=O)N3CC4CC(NC(=O)c5c[nH]c6cc(Cl)ccc56)C3C4)ccc12,-36.637012
COC(=O)c1cncc(C(=O)N2CCCC2C(C)NC(=O)c2sc(-c3ccc(OC)cc3F)nc2C)c1,-13.935052
Cn1cc(CCNc2ncnc3c(Br)csc23)c2ccccc21,-24.063251
C=C(C)c1cccc2c(C(C)=O)c[nH]c12,-22.569953
Cc1ccc(N2CCC(n3cc(-c4ccnn4C4CC4(F)F)nn3)C2=O)cc1,-16.550326
CN(CC1(NC(=O)c2ccc(S(N)(=O)=O)cc2)CC1)C(=O)/C=C/c1ccc(C(N)=O)o1,-44.186817
CN(CCCNC(=O)C(C)(C)c1ccccc1Cl)C(=O)c1ccco1,-19.277619
NC(=O)c1ccc(/C=C/C(=O)NC2CC(NC(=O)Cc3ccc(-n4ccnc4)cc3)C2)o1,-31.254504
O=C1CCC(C(=O)Nc2cccc(OCC3CCCO3)c2)O1,-22.226659
CCc1nocc1C(=O)NC1CCN(C(=O)c2cc3cn[nH]c3cn2)C1C,-22.164862
NC(=O)c1ccc(/C=C/C(=O)NCC2CCN2C(=O)c2ccc3c(c2)oc2ccccc23)cc1,-32.286616
COc1ccc(NC(=O)C(C)Sc2nncn2CCCN(C)C)cc1Cl,-8.892024
CCC(F)(F)CC(=O)N1CCC2(CC1)CN(C)C(=O)O2,-7.507912
CN1Cc2cc(C(=O)NC3CCCC3NC(=O)c3ccnc4ccc(O)cc34)ccc2NC1=O,-28.649062
NC(=O)c1ccc(C(=O)NC2CC3CC2N(C(=O)c2ccc4ccncc4c2)C3)cc1,-43.42
CCS(=O)(=O)c1ccc(O)c(NC(=O)C2(C)CCCC3(C)C4CCC(C(C)C)=CC4=CCC23)c1,-6.131078
CN(c1ccccc1)c1ccc(C(=O)NCCC2(O)CN(C(=O)C(C)(O)c3ccccc3)C2)cn1,-12.752025
Nc1ncnc2cc(C(=O)N3CC(O)(CCNC(=O)c4ccc5c(c4)NC(=O)CO5)C3)ccc12,-43.94386
Cc1ccccc1COc1ccccc1C(=O)N1CCN(C(=O)CNC(=O)NCc2ccc(Cl)cc2)CC1,-11.395865
CC(C)(CNc1cccc(Br)c1C#N)C(N)=O,-22.378084
Cc1scc(C(=O)NCCCCNC(=O)C2CC(C)(C)C2)c1C,-10.83602
O=C1CNC(=O)c2ccc(C(=O)NCC3(NC(=O)Cc4coc5cc(O)ccc45)CC3)cc2N1,-31.303399
C/C(=C/C(=O)N1CCN(C(=O)c2cc(-c3cccn3C)n[nH]2)CC1C)c1cccc(Cl)c1,-18.453859
O=C(Cn1ccccc1=O)NCC1(CNC(=O)c2ccc3cc(O)ccc3c2)CCC1,-38.869889
O=C(NC1CCCC1NC(=O)c1ccn[nH]c1=O)c1csc(-c2ccc(O)cc2)n1,-27.794136
O=C1NC(=O)C2(CCCC2CNC(=O)c2ccc(-c3cn[nH]c3)cc2)N1,-40.116937
O=C(COc1cccc2ccccc12)NC/C=C/CNC(=O)C1CCCCC1O,-20.056081
Cc1cc(-c2noc(CCC(=O)NC3CCN(C(=O)C(C)(C)NC(=O)Nc4ccccc4)CC3O)n2)ccc1F,-7.708961
NC(=O)c1ccc(/C=C/C(=O)NC2CN(C(=O)c3ccc4cn[nH]c(=O)c4c3)C2)cc1,-37.877485
Nc1ccc(C(=O)NC23CC(NC(=O)c4c[nH]c5ncncc45)(C2)C3)c2ccncc12,-32.214722
O=C(NCCC1CN(C(=O)c2ccc3ncncc3c2)C1)c1ccccc1-c1cncnc1,-31.208114
O=C(NCCC1(NC(=O)c2ccc(-n3cc[nH]c3=O)cc2)CCC1)c1ccc2c(=O)[nH][nH]c(=O)c2c1,-32.235703
O=C(NC/C=C/CNC(=O)c1ccc(-n2cc[nH]c2=O)cc1)C(=O)c1ccc(O)cc1,-37.251752
O=C(NCC1CN(C(=O)CCc2ccc(O)cc2)C1)c1ccc(-c2ccncc2)[nH]c1=O,-32.512331
Nc1ncnc2cc(C(=O)NC34CC(NC(=O)c5ccc6c(c5)CCC(=O)N6)(C3)C4)ccc12,-29.274699
NC(=O)c1ccc(/C=C/C(=O)N2CC3(C2)CN(C(=O)c2cccc4[nH]c(=O)[nH]c24)C3)o1,-32.994242
NC(=O)c1ccc(C(=O)NC2CN(C(=O)CSc3n[nH]c(=O)[nH]3)C2)cc1,-37.218961
O=C(/C=C/c1cc[nH]n1)NC1CN(C(=O)c2ccc3cc(O)ccc3c2)C1,-35.382116
Cn1ccnc1COc1cncc(C(N)=O)c1,-27.447678
CCn1nc(C)c(CC(=O)NC(CO)CNC(=O)Cn2nnc(N)n2)c1C,-22.443583
O=C(NCCNC(=O)C1CCSCC1)c1csc(-c2ccc(Cl)c(Cl)c2)n1,-19.079488
Nc1nncc(-c2cccc(C(=O)N3CC4CC3CN(C(=O)c3cn[nH]c3)C4)c2)n1,-35.825166
Cc1nc2sccn2c1CN(C)CC1OC(=O)CC1(C)C,-12.502016
O=C(NC1COCC1NC(=O)c1cc(-c2ccncc2)n[nH]c1=O)c1cn[nH]c1,-32.139731
CC(C)CCN1CC(CCO)c2ccccc21,-20.35671
O=C(NC1CC2(C1)CN(C(=O)CSc1n[nH]c(=O)[nH]1)C2)c1cn[nH]c1,-36.334164
CC(=O)N1CCN(C2CC(NC(=O)Nc3ccccc3N3CCOCC3)C2)CC1,-12.915057
NC(=O)c1ccc(C(=O)N2CC(Cn3cc(-c4ccnc(N)c4)nn3)C2)o1,-37.862193
CC(C)(C)c1cn2c(n1)C(C(=O)N1CCCCc3cc(Br)ccc31)CCC2,-11.929541
COC(CNC(=O)c1ccc2occc2c1)CNC(=O)c1cnc2ncccn12,-22.685868
O=C(NC1Cc2ccccc2C1O)C(=O)N1CCC(Cc2ccccc2F)CC1,-18.060748
O=C(Cc1coc2cc(O)ccc12)NCC1CCN1C(=O)c1ccc(-c2ccncc2)nc1,-29.710473
CCOC(=O)C(F)(F)C1(O)CCN(S(=O)(=O)c2ccc(C#N)cc2)CC1,-11.293326
Nc1nc2cc(C(=O)N3CC(=O)N(CC4CC4)C3)ccc2[nH]1,-21.216818
NC(=O)c1ccc(/C=C/C(=O)NC2CN(C(=O)c3cccc4c3OCC(=O)N4)C2)cc1,-37.965729
NC(=O)c1ccc(C(=O)N2CC(NC(=O)CNS(=O)(=O)c3c[nH]c(C(N)=O)c3)C2)cn1,-43.190624
O=C(NCC12CC1CN(C(=O)c1ccc3cn[nH]c3c1)C2)c1cc2ccc(O)cc2[nH]1,-32.517676
O=C(NC12CC1CN(C(=O)c1cccn3c(=O)[nH]nc13)C2)c1cc2ccncc2c(=O)[nH]1,-23.448383
O=C(NC1CN(C(=O)c2ccc3cn[nH]c3c2)C1)c1ccc2[nH]c(=O)[nH]c(=O)c2c1,-26.164085
O=C(NS(=O)(=O)c1c(F)ccc(F)c1F)c1ccc2c(=O)n3c(nc2c1)CCCCCC3,-12.281596
N#Cc1cnn2cc(C(=O)NC3CC(NC(=O)c4ccc(C(N)=O)cc4)C3)cnc12,-36.380238
NC(=O)c1ccc(CN(Cc2cnc(-c3ccncc3)s2)C2CC2)cc1,-35.907153
Oc1c(Cl)cc(Cl)cc1CNC(c1ccccc1)C12CC3CC(CC(C3)C1)C2,-15.583654
O=C(NC12CC(NC(=O)c3cc(-c4ccc(O)cc4)n[nH]3)(C1)C2)c1cn[nH]c1,-30.051458
Nc1ncnc2cc(C(=O)NC3CCC(NC(=O)COc4ccc5ccccc5c4)C3)ccc12,-38.174971
O=C(CNC(=O)c1ccc(O)cc1)NC1CCCCC1NC(=O)c1cn[nH]c(=O)c1,-31.969354
COc1cc(C)cc(CCNC(=O)C(=O)N2CCC(C#N)(c3ccccn3)CC2)c1,-14.27438
O=C1Cc2cc(C(=O)NC3(CNC(=O)c4cc[nH]c(=O)c4)CC3)ccc2N1,-34.764268
CCS(=O)(=O)NC(CCSC)C(=O)NC(CNC(=O)C(NC(N)=O)c1ccccc1)C(C)(C)C,-7.961659
Nc1ncnc2cc(C(=O)NCC3(NC(=O)CCn4cc[nH]c(=O)c4=O)CCCC3)ccc12,-37.274774
O=C(/C=C/c1cc[nH]c1)NC1CCCC1NC(=O)c1ccc2cn[nH]c2c1,-38.590485
NC(=O)c1ccc(/C=C/C(=O)NC2CCCC2CNC(=O)c2cccc3[nH]ncc23)o1,-33.969993
CCOC(=O)C(CCc1ccccc1)N1Cc2ccccc2-c2ccccc2C1,-14.041058
CN(C(=O)c1cccc(-n2cc[nH]c2=O)c1)C1CN(C(=O)c2ccc3[nH]c(=O)[nH]c3c2)C1,-25.374752
O=C(NCC1CCN1C(=O)c1ccccc1-c1ccncc1)c1cn[nH]c1,-28.101693
NC(=O)c1cc(S(=O)(=O)NCC(=O)NCC2(CNC(=O)c3ccnc4[nH]ccc34)CCC2)c[nH]1,-32.674213
CCCCc1ccc(C(C)C(=O)N2CC(N(C)C(=O)c3cc(-c4ccccc4Cl)no3)C2)cc1,-9.721913
Nc1ncc2c(c1C(=O)N1CC(NC(=O)c3c[nH]c4ncncc34)C1)CCC2,-35.967457
O=C(NC1CCC(CNC(=O)c2cc(Cl)cc3ccncc23)C1)c1cc2cc(O)ccc2[nH]1,-33.682036
Cn1cnc2cc(C(=O)N3CC(CNC(=O)c4ccc(C(N)=O)cc4)C3)ccc21,-33.444097
Cc1ccc2c(c1)S(=O)(=O)N(CCC(=O)Nc1cc(F)cc(F)c1)C(=O)N2,-18.97191
CCN(CCN(CC)C(=O)C1CCCC1)C(=O)CSc1nc2ccccc2n1C,-14.04172
CNC(=O)C1(C(=O)NC2CCN(C(=O)C3CCCOC3c3ccnn3C)CC2)CC1,-24.018422
CC/C=C/C=C/C(=O)NCC(C)(NC(=O)C1CCC(C)=C(C)C1)C(C)C,-14.024097
Nc1ncnc2cc(C(=O)N3CC4CCC(C3)N4C(=O)CNC(=O)c3c[nH]c(=O)[nH]c3=O)ccc12,-41.568047
Cn1c(=O)c2nc(CCNC(=O)c3ccc(C(N)=O)cc3)[nH]c2n(C)c1=O,-33.945091
O=C(Cc1ccncc1Cl)NC1CC2(C1)CN(C(=O)c1ccc(-c3cn[nH]c3)cc1)C2,-32.987245
O=C(Cc1coc2cc(O)ccc12)NC1CN(C(=O)Cc2ccc3[nH]ncc3c2)CC12CC2,-29.334755
O=S1(=O)c2cccc3cccc(c23)N1CCN1CCCCC(N2CCOCC2)C1,-19.966937
CCc1cccc(N(C)S(=O)(=O)Cc2ccn(CC(F)(F)F)n2)c1,-16.738806
CC1CCC(C)N1C(C)C(=O)N1CC(c2cccc(O)c2)C1,-23.005549
NC(=O)c1ccc(/C=C/C(=O)NC2(CNC(=O)c3cccc4ccccc34)CC2)o1,-31.031175
O=C(NCC(=O)N1CC2CN(C(=O)c3ccc4cnccc4c3)CC2C1)c1ccc(O)cc1,-33.742223
COc1ncnc2c1CN(CC(=O)OC1CCCCC1)CC2,-17.979456
CC1(NC(=O)/C=C/c2ccc(C(N)=O)cc2)CN(C(=O)c2ccc3nncn3c2)C1,-30.298215
O=C(/C=C/c1c(F)cccc1F)Nc1c(F)cccc1F,-18.49678
O=C(Nc1ccc(C(=O)N2CCOc3ccc(-c4ccc(-c5nnn[nH]5)cc4)cc32)cc1)c1ccccc1,-14.771876
CNS(=O)(=O)c1cccc(C(C)NCCc2c(Cl)cccc2OC)c1,-19.770827
O=C(NC1CCC(NC(=O)c2c[nH]c(=O)c3ccsc23)C1)c1ccc(-c2ccncc2)cc1,-35.575991
NCC#CC(=O)NCc1ccc(N2CCCC(C(N)=O)C2)cc1,-26.287446
Brc1cccc(SCc2ncccn2)c1,-16.259429
NC(=O)c1ccc(CC(=O)NCC2(CCNC(=O)c3ccc4[nH]c(=O)[nH]c(=O)c4c3)CC2)cc1,-35.689489
NC(=O)c1ccc(C(=O)N2CC3C(C2)C3NC(=O)c2ccc3ccncc3c2)cc1,-33.95636
NC(=O)c1cc(C(=O)NCC2CCN2C(=O)c2cc(=O)[nH]c(C3CC3)n2)c[nH]1,-25.171576
O=C(CCn1ccnc1)NCC1(CNC(=O)Cc2coc3cc(O)ccc23)CC1,-29.131656
Cc1cc(C)c(NC(=O)CCCN(C)Cc2ccc(-c3ccc(Cl)cc3)o2)c(C)c1,-13.695486
CC(NC(=O)NCc1ccc(N2CCCCC2)nc1)c1cnn(C)c1,-15.854699
CCOC(CNS(=O)(=O)c1ccc(NS(C)(=O)=O)cc1)(OCC)c1ccccn1,-4.617187
Cc1[nH]cnc1CN1CC2CC1(CN(C)C)C2,-11.95419
CN(Cc1ccsc1)C(=O)Cn1cc(COC2CCCCO2)nn1,-11.353121
NC(=O)c1cc(S(=O)(=O)NCC(=O)NC2(CNC(=O)Cc3ccc4cn[nH]c4c3)CCOC2)c[nH]1,-33.231026
O=C(c1cn[nH]c(=O)c1)N1CCN(C(=O)c2ccc3c(=O)[nH][nH]c(=O)c3c2)C2CC21,-29.58955
O=C(NCC12CC1CN(C(=O)c1ccc(-c3ccncc3)[nH]c1=O)C2)c1ccc(-c2cn[nH]c2)cc1,-32.674902
O=C(Cc1ccc2[nH]ncc2c1)NCC1CCCN1C(=O)Cc1ccc2cnccc2c1,-30.957979
NC(=O)c1ccc(C(=O)NCC23CC2CN(C(=O)c2cn[nH]c2)C3)s1,-40.410207
O=C(NCC1(F)CN(C(=O)c2cn[nH]c2)C1)c1ccc2[nH]nnc2c1,-32.493599
Cc1c2cnn(-c3nn(C)c(=O)n(C)c3=O)c(=O)c2nn1C,-16.092576
COCCC(=O)N1CCC(NC(c2ccc(F)c(C(F)(F)F)c2)C(F)(F)F)CC1,-13.289052
NC(=O)c1cc(S(=O)(=O)NCC(=O)NCC2C=CC(NC(=O)c3ccc4cn[nH]c4c3)C2)c[nH]1,-31.500691
O=C(NC1CN(C(=O)c2nccc3ncncc23)C1)c1ccc2n[nH]c(=O)n2c1,-37.225863
NC(=O)c1ccc(C(=O)NC2(CNC(=O)c3ccc(C(N)=O)nc3)CC2)cc1,-42.302166
O=C(NCC1CC2CC2N1C(=O)c1ccc2cc(O)ccc2c1)c1c[nH]c(=O)c2ccccc12,-37.354498
COc1ccc2[nH]c(C(=O)N3CC4CCN(C(=O)c5cccc6c5CCCC6)C4C3)cc2n1,-20.143787
Cc1cc2n(n1)CCN(c1nc(C(C)C)ns1)C2,-15.30903
OC(CNCc1ccc(-n2ccnc2)cc1)c1ccc(C(F)(F)F)cc1,-26.225677
O=C(CCc1ccc2ccccc2n1)NC1CC(O)CN(C(=O)C2CC2c2cccc3ccccc23)C1,-17.631306
O=C(NC1(CNC(=O)c2coc3ccc(O)cc23)CCC1)c1cc(=O)[nH]c(=O)[nH]1,-29.340064
O=C(Nc1ccccc1C1CCOC1)NC1CCCc2c1[nH]c1ccc(Cl)cc21,-19.090938
COc1cc(C)cc(C(=O)N2CC3CC2CN3C(=O)/C=C/C(=O)N2CCOCC2)c1O,-16.816711
O=C(CCc1cn[nH]c1)NCC1CCN1C(=O)c1cccc2[nH]c(=O)ccc12,-32.60785
NC(=O)c1cccc(OCCC(=O)N2CCN(C(=O)c3ccc4c(=O)ccoc4c3)CC2)c1,-31.059493
O=C(NCCc1ccc(O)cc1)c1cccc(-c2n[nH]c(=O)[nH]2)c1,-36.570715
NC(=O)c1ccc(C(=O)NC(CNC(=O)c2cccc(-n3cncn3)c2)C2CC2)cc1,-41.389885
NC(=O)c1ccc(OCCC(=O)N2CC(NC(=O)c3ccc4cnccc4c3)C2)cc1,-38.550086
Cc1cc(Cl)c(/C=N/N=C(\C(=O)c2ccccc2)c2ccccc2)cn1,-18.336932
NC(=O)c1ccc(C(=O)NC2CCCC2NC(=O)c2ccc3c(=O)[nH]cnc3c2)cc1,-43.925624
NC(=O)c1ccc(C(=O)N2CC(NC(=O)CCOc3cccc(C(N)=O)c3)C2)cc1,-41.554331
O=C(/C=C/c1ccc(O)cc1)NC(CNC(=O)c1ccnc2[nH]ccc12)C1CC1,-33.793885
CN1CCc2[nH]c3ccc(C(=O)NC4CCC(NC(=O)/C=C/c5cccnc5)CC4)cc3c2C1,-18.297701
CC1CC(F)(F)CCN1C(=O)Nc1ncn(CC(=O)N2CCCCCC2)n1,-7.690264
Nc1ncnc2cc(C(=O)N3CCOCC3CNC(=O)c3ccc(-c4nnc(S)o4)cc3)ccc12,-26.764626
CCSC(C(=O)NC1CCCCC1NC(=O)c1cnc(N2CCN(C)CC2)s1)C(C)C,-7.177001
CCc1conc1CC(=O)NCC(O)CN(C)C(=O)c1cc(Cl)c[nH]1,-18.178486
CC1(C)OC(=O)NC1C(=O)NCc1noc(C(N)=O)n1,-26.602343
O=C(NCCC1CCN(C(=O)c2cn[nH]c2)C1)c1c[nH]c(=O)c(Cl)c1,-31.259037
CC1(NC(=O)/C=C/c2ccc(O)cc2)CCN(C(=O)c2ccc(-c3cccnc3)cc2)C1,-32.599716
CCC(CNC(=O)c1ccc(-c2cn[nH]c2)cc1)NC(=O)/C=C/c1ccc(-n2ccnc2)cc1,-31.462902
NC(=O)c1ccc(C(=O)NC(CNC(=O)c2ccnc3[nH]ccc23)C2CC2)o1,-33.734521
NC(=O)c1ccc(C(=O)N2CC3C(C2)C3NC(=O)c2cccc3ccncc23)s1,-31.422975
O=C(NC1CC2CC1N(C(=O)c1cn[nH]c1)C2)c1c[nH]c2ncncc12,-29.474996
NC(=O)c1cc(S(=O)(=O)NCC(=O)NCC2(CNC(=O)c3ccc4[nH]c(=O)[nH]c4c3)CC2)c[nH]1,-28.164466
Cc1cc(=O)[nH]c(N2CCC(NC(=O)c3ccc4c(=O)[nH][nH]c(=O)c4c3)C2)n1,-28.837591
Cc1cc2ncn(CCCCOC(=O)COc3ccccc3Cc3ccccc3)c2cc1C,-12.495154
CN(Cc1ccc(N(C)C)cc1)Cc1cc2cc(Cl)ccc2[nH]1,-18.509473
Nc1ncnc2c1ncn2CC(=O)NCC1CCN1C(=O)c1cccc(-n2cc[nH]c2=O)c1,-35.630995
CCC(C)O/N=C1\CCc2cccnc21,-16.446667
O=C(NCC1(O)CN(C(=O)c2ccc(-c3cnco3)cc2)C1)c1cc[nH]c(=O)c1,-33.814703
CC(C(=O)NCc1cn(CC2COc3ccccc3O2)nn1)N(C)CC(F)(F)F,-11.740741
O=C(c1ccc2c(=O)[nH]cnc2c1)N1CC2CC(C1)N(C(=O)c1cn[nH]c1)C2,-26.331705
O=C(CCc1c[nH]c(=O)[nH]1)NC1CC2(C1)CN(C(=O)c1ccn3c(=O)[nH]nc3c1)C2,-41.35679
O=C(c1ccc2cn[nH]c(=O)c2c1)N1CC2CC1CN2C(=O)c1cc(=O)c2cc(O)ccc2o1,-35.871424
Nc1ncnc2cc(C(=O)NC3CC4(C3)CN(C(=O)c3csc(-c5ccncc5)n3)C4)ccc12,-31.613481
COC(=O)c1cc(Br)cc2c1/C(=C/c1ccc(-c3cccc(F)c3)s1)C(=O)N2C,-18.987557
CCOCCCCC(=O)NCCC1CN(C(=O)C(C)(C)c2ccc(C(C)(C)C)cc2)C1,-8.520226
NC(=O)c1ccc(/C=C/C(=O)NCCC2CN(C(=O)c3ccc4cn[nH]c(=O)c4c3)C2)o1,-36.942567
O=C(NC1CCC(NC(=O)c2c[nH]c3ncncc23)C1)c1cc(-c2cc[nH]n2)ccc1F,-31.051911
CSC1CN(C(=O)c2ccc(C(N)=O)cc2)CC1NC(=O)c1cc(Br)cc2[nH]c(=O)[nH]c12,-36.475536
O=C(NC(CNC(=O)c1cnn2ccncc12)C1CCC1)c1ccc2c(=O)[nH]cnc2c1,-28.254124
O=C(NCC1CCN1C(=O)c1ccc(-c2ccncc2)cc1)c1coc2ccc(O)cc12,-34.055485
Cc1n[nH]c(C)c1C(C)CC(=O)N1CCCc2c(Br)cccc2C1,-19.374343
O=C(c1cn[nH]c1)N1CCN(C(=O)c2c[nH]c(=O)c3ccccc23)CC1,-30.494719
O=C(/C=C/c1ccc(O)cc1)NC1CCCC(NC(=O)c2ccnc3[nH]c(=O)[nH]c23)C1,-31.64732
O=C(NCC1CCCN(C(=O)c2cc3c(O)cccc3[nH]2)C1)c1cn[nH]c1,-33.628198
CN(CCCNC(=O)C1CCN(C(=O)C2CC2)CC1)C(=O)c1ncc(F)c2ccccc12,-14.432045
CC1(NC(=O)c2cccc(-n3cc[nH]c3=O)c2)CCN(C(=O)c2ccc3c(N)ncnc3c2)C1,-35.942846
CC(CNC(=O)/C=C/c1ccc(C(N)=O)o1)NC(=O)c1cc(N)cc2ccccc12,-33.413412
CC1CCCC(NC(=O)CCc2cc3ccccc3[nH]2)C1C,-19.265936
CCCCS(=O)(=O)NC(=O)c1ccc(-c2ccc(OC)cc2)cc1F,-18.425952
O=C(Cc1ccc2cnccc2c1)NC1CC(NC(=O)c2csc(-c3ccncc3)n2)C1,-24.469943
O=C(NCC1CCN1C(=O)c1c[nH]c(=O)c2ccccc12)c1ccc2ccncc2c1,-30.644999
NC(=O)c1ccc(/C=C/C(=O)NC23CC2CN(C(=O)c2cccs2)C3)cc1,-32.335073
CC1CC(c2ccccc2)C(C)N1CCc1cc(Cl)ccc1Cl,-21.08815
CC(C)c1ccccc1OS(=O)(=O)c1cnc2n1CCCC2,-13.828218
NC(=O)c1cc(C(=O)NC2CN(C(=O)Cn3cccc(O)c3=O)C2)n[nH]1,-31.981927
O=C(c1ccn2c(=O)[nH]nc2c1)N1CC2CC(C1)N(C(=O)CCc1cccc(O)c1)C2,-36.071865
Nc1ncnc2cc(C(=O)NC3CC(NC(=O)c4c[nH]nc4-c4ccccn4)C3)ccc12,-37.435178
O=C(NC1C2CN(C(=O)c3ccc4cc(O)ccc4c3)CC21)c1ccc(-n2cc[nH]c2=O)cc1,-41.837895
CSc1ncc(N)c(C(=O)N2CC(OCCNC(=O)CCCn3cnc4ccccc43)C2)n1,-17.483881
O=C(NC1CC(F)CN(C(=O)c2ccc3n[nH]c(=O)n3c2)C1)c1c[nH]c2ncncc12,-33.57705
O=C(NC1CCCC1NC(=O)c1cccc2c1oc1ccccc12)c1ccc2c(=O)[nH][nH]c(=O)c2c1,-32.1871
O=C(NC1CN(C(=O)c2cc[nH]c(=O)c2)CC12CC2)c1cc2cc(O)ccc2[nH]1,-33.474373
CC1CC(CNC(=O)c2ccc3c(N)ncnc3c2)CN1C(=O)c1ccc2c(=O)[nH]cnc2c1,-38.356525
NC(=O)c1nc(C(=O)N2CCC2CNC(=O)Cc2coc3cc(O)ccc23)cs1,-32.984879
CC1CCC(NC(=O)N(C)CC2CC(O)C2)CC1,-20.978716
Nc1ncnc2cc(C(=O)N3CC(CNC(=O)c4ccc(-c5nnc(S)o5)cc4)C3)ccc12,-30.485759
O=S(=O)(c1cccs1)N1CCN(Cc2ccc(-n3cccn3)cc2)CC1,-22.520309
CCC1CN(C(=O)c2ccc3c(=O)[nH]cnc3c2)CCN1C(=O)c1ccc(-c2cn[nH]c2)cc1,-30.215825
O=C(/C=C/c1ccc(O)cc1)NCC1(CNC(=O)c2ccc3[nH]c(=O)c(=O)[nH]c3c2)CC1,-39.197962
NC(=O)c1ccc(/C=C/C(=O)NC2CN(C(=O)c3ccc4ncsc4c3)CC23CC3)o1,-30.745485
CC(C)COc1ccc(CNc2cc(C(C)(C)C)cc3cccnc23)cc1,-10.021557
CC1CCCN(C(=O)C(=O)N2CC(C)N(C(=O)CCS(C)(=O)=O)CC2C)C1,-7.533933
O=S(=NCc1ccccc1Cl)(c1ccccc1)C(F)F,-17.06002
CN(C)C(=S)NN=C1CCN(C(=O)OCc2ccccc2)CC1,-23.364279
O=C(NC1CCCN(C(=O)c2cn[nH]c2)C1)C1CCN(c2ccncn2)CC1,-33.701898
CC1CN(C(=O)c2c(Cl)nc3ccccn23)CC(C)N1C(=O)C1CC1(F)F,-13.031139
NS(=O)(=O)c1cc(NC(=O)NOCc2cccnc2)ccn1,-32.073263
NC(=O)c1ccc(C(=O)NC2CC(CNC(=O)c3c[nH]c(=O)cn3)C2)cc1,-38.869143
O=C1CC(CCN(c2ccccc2F)C2CCCC2)C1,-14.514366
Cn1cnc2cc(C(=O)NC3CC(NC(=O)CCc4cn[nH]c4)C3)ccc2c1=O,-29.007926
COc1ccc(C(=O)N(C)C2COC(C)(C)OCC2O)cc1,-15.621005
N#Cc1ccc(-c2cc(N3CCN(C(=O)C(=O)N4CCN(C5CCOCC5)C(=O)C4)CC3)[nH]n2)cc1,-11.877774
O=C(C(=O)N1CCC(CNC(=O)c2c[nH]c(=O)c3cncn23)C1)c1ccc(O)cc1,-26.123412
CC(=O)Nc1nc(C(=O)NCC(C)n2cc(-c3cccnc3C)nn2)cs1,-19.289013
CC1(CS(=O)(=O)Oc2cncc(Br)c2)NC(=O)NC1=O,-17.462489
CCN(Cc1ccccc1)C(=O)CN1Cc2[nH]cnc2CC1C(=O)OC,-17.430884
O=C(NC12CC(NC(=O)c3cn(CCO)c(=O)[nH]c3=O)(C1)C2)c1cc2ccc(O)cc2[nH]1,-38.764943
N#CCOc1ccc(CNCc2cc(-c3ccc(F)cc3)on2)cc1,-19.943701
Cc1ncn(C)c1NC(=O)c1csc(Cc2ccccc2F)n1,-18.362386
NC(=O)c1cccc(CC(=O)NC2CCC(CNC(=O)c3cc(F)c4cn[nH]c4c3)C2)c1,-34.72726
CCCc1nn(C)c2c(=O)n(Cc3cnc(C(=O)OCC)s3)c(-c3ccccc3OCC)nc12,-4.956688
O=C(NCC1(NC(=O)c2cnn3ccc(=O)[nH]c23)CCC1)c1cc[nH]c(=O)c1,-27.22
O=C(c1ccc2c(=O)[nH]cnc2c1)N1CC2CCC1CN2C(=O)c1ccc(-c2ccncc2)o1,-32.661358
NC(=O)c1cc(C(=O)NC2CN(C(=O)Cc3ccc4ccccc4c3)C2)n[nH]1,-32.093879
O=C(NC1CN(C(=O)c2cn[nH]c2)C1)C1CCCN(c2cc(=O)[nH]cn2)C1,-35.406784
O=C(NC1CCN(C(=O)c2cccc3[nH][nH]c(=O)c23)C1)c1ccc(-n2cc[nH]c2=O)cc1,-33.95342
CCC(C)c1cc(NC(=O)Nc2cccc(C)c2C)[nH]n1,-15.200914
O=C(C[NH2+]Cc1cccc(Oc2cccc(Cl)c2)c1)N1CCCC1,-19.038415
Nc1ncnc2cc(C(=O)N3CC(CNC(=O)c4cc5c(=O)[nH]cnc5cn4)C3)ccc12,-40.098806
COc1cccc2[nH]nc(C(=O)Nc3nc(C)c(Cc4cccc(Cl)c4F)s3)c12,-16.355934
O=C(/C=C/c1cc[nH]c1)NC1CCC1NC(=O)c1ccc2c(c1)NC(=O)NC2,-36.884477
CC(CCCO)NC(=O)CON,-17.267411
NC(=O)c1ccc(C(=O)NC2C3CN(C(=O)c4cc5ccc(F)cc5[nH]4)CC32)cc1,-34.896521
CCc1ccccc1C(F)(F)C(=O)Nc1c(C)cccc1C,-20.852329
O=C(NC1CCN(C(=O)c2ccc3cnccc3c2)C1)c1ccc2[nH]c(=O)[nH]c(=O)c2c1,-39.1999
CC1(NC(=O)Cc2nc[nH]n2)CN(C(=O)c2ccc3n[nH]c(=O)n3c2)C1,-34.753928
O=C(NCC1(O)CCN(C(=O)c2ccc3c(=O)[nH][nH]c(=O)c3c2)C1)c1cccc(-c2ccncc2)c1,-30.085797
COC(=O)CCCCC(=O)NCc1[nH]c(=O)ccc1C,-25.506512
CCC(NC1CCN(c2cccc(OC)c2)CC1)C(c1ccc(C)cc1)n1cncn1,-10.759265
CCC(C)N(C)S(=O)(=O)N1CCC(Oc2cccc3c2OC(C)(C)C3)CC1,-6.88257
O=C(NCC1CCN1C(=O)c1cc2ccc(F)cc2[nH]c1=O)c1ccc2c(=O)[nH][nH]c(=O)c2c1,-31.03066
Cc1[nH]c2ccc(O)cc2c1C(=O)NCC1CCCC1NC(=O)c1ccc(-c2ccncc2)s1,-38.510237
Cc1cc(C(C)(C)C)cc(C)c1S(=O)(=O)N1CCN(C(=O)Nc2ccc(N3CCOC(C)C3)cc2)CC1,-2.774487
NC(=O)c1ccc(C(=O)NCc2cc(=O)cc[nH]2)s1,-33.950624
COC(=O)c1cccnc1C(=O)NC/C=C/CNC(=O)c1csc(-c2cnccn2)n1,-17.055505
CC(CO)(NC(=O)COc1ccccc1Cc1ccccc1)c1ccc(O)cc1,-26.361254
O=C(Cc1ccc(O)c(Cl)c1)NCC1CCN1C(=O)c1ccc(-c2cnco2)cc1,-31.039648
O=C(NCC(O)CCNC(=O)C1CC(=O)N(c2cn[nH]c2)C1)c1ccc2cnccc2c1,-30.274699
CCCc1nc(C)c(C(=O)NCC(CO)NC(=O)C(C)(C)S(=O)(=O)c2ccc(Cl)cc2)o1,-9.989877
COC(CNC(=O)CN(CC(C)C)C(=O)OC(C)(C)C)CNC(=O)c1ccc(CNC(N)=O)cc1,-27.905475
N#Cc1ccccc1CSCCNC(=O)c1ccc(OCCF)cc1F,-13.026905
CC(=O)N1CCN(C(C)c2ccc(C)cc2)CC1,-18.3756
CC(C)c1cccc(C(=O)N2CC3CCC2CN3C(=O)c2csc(C3CCCO3)n2)n1,-8.802498
O=C1CCCc2c(cccc2OC(=O)c2ccco2)N1,-19.519161
NC(=O)c1cc(S(=O)(=O)NCC(=O)N2CC3CC3(CNC(=O)c3cccnc3)C2)c[nH]1,-26.749826
O=C1CCc2cc(C(=O)N3CC4CC3CN4C(=O)c3ccc4cn[nH]c(=O)c4c3)ccc2N1,-34.429442
O=C(NCC1(F)CCN(C(=O)CCc2cccc3cnccc23)C1)c1ccc2cn[nH]c(=O)c2c1,-27.842999
NC(=O)c1ccc(/C=C/C(=O)NCC2CN(C(=O)c3ccc4[nH]c(=O)[nH]c4c3)C2)cc1,-34.62648
O=C(Cn1sc2ccccc2c1=O)NCC1(NC(=O)c2ccc3cn[nH]c(=O)c3c2)CC1,-33.098478
CCC(C)C1NC(=O)N(CCC(=O)NC(C)C)C1=O,-12.784448
CC(=O)N1CCCC1C(=O)N1CC2(CC(NC(=O)CCc3cc(C)on3)C2)C1,-8.324895
O=C(NCC(=O)N1CC2C(C1)C2NC(=O)c1ccc(-n2cc[nH]c2=O)cc1)c1ccc(O)cc1,-30.672168
CN(CCNC(=O)c1cnc2nccnc2c1)C(=O)CCOCC1CC1,-13.689989
O=C(/C=C/c1ccc(O)cc1)NC1(CNC(=O)c2ccc3[nH]c(=O)sc3c2)CC1,-33.414818
NC(=O)c1ccc(/C=C/C(=O)NCC2CC2CNC(=O)c2cc(Br)cc3[nH]ncc23)cc1,-33.440387
NC(=O)c1ccc(OCC(=O)OCC(=O)NC2CCS(=O)(=O)C2)cc1,-24.947426
O=C(Cc1ccc2[nH]ncc2c1)NC1CC(CO)N(C(=O)c2cccc(-n3cc[nH]c3=O)c2)C1,-33.791026
O=C(NC1CN(C(=O)CCc2cccc3cnccc23)CCC1O)c1ccc(-c2cn[nH]c2)cc1,-35.178307
O=C(NC1CCCN(C(=O)c2ccc(-c3ccc(O)cc3)cc2)C1)c1ccc2n[nH]c(=O)n2c1,-36.588218
CC(CCCNC(=O)c1ccc(-c2ccncc2)[nH]c1=O)NC(=O)c1cn[nH]c1,-30.825985
C=CCn1cc(C(=O)NCc2c(C)n[nH]c2C)nn1,-21.590687
NC(=O)c1cccc(OCCC(=O)NC2CCC(NC(=O)c3cc(O)c4ccoc4c3)C2)c1,-36.223732
O=C(Cc1n[nH]c(=O)c2ccccc12)NC1CCC(NC(=O)c2cn[nH]c2)C1,-28.510071
O=C(Cc1cccc(O)c1)NC1CCC1NC(=O)c1ccc(-c2cn[nH]c2)cc1,-42.50441
Cc1cc(CN2C(=O)CCN(CC(C)(C)c3ccc(Cl)cc3)C2=O)c2[nH]c(C)c(C)c2c1,-13.136371
CN(CCNC(=O)Cn1nnnc1C1CC1)C(=O)CO,-20.399716
NC(=O)c1cc(C(=O)N2CC(NC(=O)c3ccc4c(c3)NC(=O)CNC4=O)C2)c[nH]1,-31.047716
O=C(Cc1coc2cc(O)ccc12)NC1CCC1NC(=O)c1ccc2c(=O)[nH][nH]c(=O)c2c1,-37.731594
COc1cc2c(cc1OC)C(=O)C(CC1CCN(C(=O)C(=O)N(Cc3ccccc3F)C3CCCCC3)CC1)C2,-1.08759
NC(=O)c1ccc(F)c(C(=O)NCC23CC2CN(C(=O)Cc2c[nH][nH]c2=O)C3)c1,-37.199706
Cn1ncc2ccc(C(=O)NCC3(CNC(=O)c4ccc5c(=O)[nH][nH]c(=O)c5c4)CC3)cc21,-32.295928
NC(=O)c1ccccc1C(=O)NC1CC2(C1)CN(C(=O)c1ccc3cn[nH]c(=O)c3c1)C2,-36.724963
CC(=O)Nc1cc(C(=O)CSc2nccc(C(C)(C)C)n2)ccc1O,-12.332998
COC(=O)C(C)C(=O)N(CCNC(=O)CSCC(=O)Nc1cccc(Br)c1)C1CC1,-19.121286
O=C(NC1CCC(NC(=O)c2cnn3ccc(=O)[nH]c23)C1)c1cn[nH]c1,-36.587596
Cc1cc(Cl)ccc1OCCCNC(=O)NC(C)C12CC3CC(CC(C3)C1)C2,-13.877018
NC(=O)c1ccc(C(=O)NCCCNC(=O)c2cccc3[nH][nH]c(=O)c23)cc1,-37.14066
CC(C)(C)OC(=O)NCc1ccnc(C(=O)NCc2cn(C(C)(C)C)nn2)c1,-4.874855
CC(C)c1nn(C)c2sc(C(=O)N3C(C)CN(C(=O)C4CCCN(c5ncccn5)C4)CC3C)cc12,-5.84503
Cc1c(C(=O)N2CC(CCNC(=O)c3ccc4c(N)ncnc4c3)C2)oc2c(Cl)cccc12,-31.01689
C#CCNC(=O)CC(=O)N(C)CC(CC)NC(=O)c1cc(C)c(F)c(C)c1,-12.173353
CCO/C=C(\C#N)C(=O)N1CC2(C1)CN(C(=O)c1cccc3ccccc13)C2,-17.913795
CC(C)c1ccc2c(=O)n(Cc3ccc(NC(=O)c4ccncc4)cc3)c(=O)[nH]c2c1,-20.79348
CN(CC1(NC(=O)c2ccccc2O)CC1)C(=O)/C=C/c1ccc(F)cc1F,-19.47625
Cc1ccccc1-n1cc(C(=O)N2CC3(CN(C(=O)c4ccc(C(N)=O)cc4)C3)C2)cn1,-30.676616
CC(C)c1nnc(SCc2cc(Br)c3c(c2)OCO3)n1C1CC1,-15.1392
Fc1cccc(Nc2nc(C34CC5CC(CC(C5)C3)C4)n[nH]2)c1F,-13.626553
Cc1ccc2[nH]c(N3CCC(C(N)=O)C3)nc2c1,-25.273426
O=C(/C=C/c1cc[nH]c1)N1CC2CC1CN2C(=O)c1ccc2c(=O)[nH][nH]c(=O)c2c1,-33.505767
Cc1ccccc1OCCC(=O)NC1CCCN(C(=O)c2ncccc2O)C1C,-24.634214
O=C(NCC1CCCN1C(=O)c1ccc(-n2cc[nH]c2=O)cc1)c1ccc2cn[nH]c(=O)c2c1,-36.449551
NC(=O)c1ccc(/C=C/C(=O)NC2C3CN(C(=O)c4cc(Br)cc5[nH]c(=O)[nH]c45)CC32)cc1,-36.39227
Cn1c(C(=O)NCC2CC(NC(=O)c3cccn4c(=O)[nH]nc34)C2)c[nH]c1=O,-32.792232
Cn1cnc2cc(C(=O)NC3CCC(NC(=O)c4ccc(-c5cn[nH]c5)cc4)C3)ccc21,-39.662095
CC1(NC(=O)C2CCCN(c3cc(=O)[nH]cn3)C2)CC(NC(=O)c2ccc3n[nH]c(=O)n3c2)C1,-30.11774
CNC(=O)c1ccc(/C=N/Nc2nn(C)c(=O)n(C)c2=O)cc1,-19.620667
CN(CCNC(=O)CNC(=O)COc1ccccc1)C(=O)c1cncc(Br)c1,-20.61643
O=C(CNC(=O)c1ccc(O)cc1)NC1CCCC(NC(=O)c2ccc3cn[nH]c3c2)C1,-32.005925
Cc1ccccc1CC1(C(=O)NCC2(O)CN(C(=O)c3cnc4ccccc4n3)C2)CCCCC1,-11.259626
NC(=O)c1ccc(C(=O)N2CC3CC(NC(=O)c4ccnc5ccsc45)C2C3)cc1,-35.596942
O=C(NCC1(NC(=O)c2ccnc3ccc(O)cc23)CCOC1)c1ccc2n[nH]c(=O)n2c1,-36.010805
CC1CCCCN1CC(=O)NCC(=O)Nc1ccccn1,-19.795649
O=C(Nc1cnn(CCF)c1)N1CCCC1c1ccc(Cl)c(Cl)c1,-15.20165
CCC(C)N(C)C(=O)C(=O)NC1CC2CCC1CC2(C)C(=O)OC,-8.269637
NC(=O)c1ccc(C(=O)NCC2CCC(NC(=O)c3cc(-c4ccco4)n[nH]3)C2)cc1,-29.113194
CCOc1ccc(C(C)NC(=O)CCCNC(=O)NCc2cccc(NC(=O)OC(C)(C)C)c2)cc1,-5.155939
COC(=O)c1ccccc1-c1ccc(CN(Cc2nc(C)cs2)CC2CCCO2)cc1,-10.282208
COc1cccc(/C=C/C(=O)C(=O)N2CCc3nc(-c4ccccc4)ncc3C2)c1,-25.048118
COc1ccncc1C(=O)N1CCC(c2nnc(N)o2)CC1,-23.086659
COc1cc(C(=O)NC2(C)CN(C(=O)C3(NC(N)=O)CC3)C2)ccc1Cl,-23.812682
CN(CC1(NC(=O)CCc2c(Cl)cncc2Cl)CC1)C(=O)c1cncc(-c2ccccc2)c1,-23.690287
Cn1ncc2c(C(=O)NCC3(NC(=O)/C=C/c4ccc(C(N)=O)cc4)CC3)ccnc21,-37.53253
CC1(NC(=O)c2ccc(C(N)=O)cc2)CN(C(=O)c2ccc3c(c2)C(=O)NCC(=O)N3)C1,-29.205178
NC(=O)c1ccc(/C=C/C(=O)NC2CCCCC2NC(=O)CCNC(=O)c2cc(=O)[nH]c(=O)[nH]2)cc1,-36.057999
NC(=O)c1ccc(C(=O)NC2C=CC(CNC(=O)c3cc[nH]c(=O)c3)C2)cc1,-40.748638
O=C(NC1CN(C(=O)c2ccc(-c3cn[nH]c3)cc2)C1)c1csc(-c2c(F)cccc2F)n1,-31.625903
CC1(c2cc(C(=O)N(CC3CC3)CC(F)(F)F)[nH]n2)CC1,-10.186588
C=C(C)CCCC(=O)OCC(N)=O,-23.482565
CCc1nc(SCCCSC)sc1C,-12.698791
O=C(/C=C/c1ccc(O)cc1)N1CC2CN(C(=O)c3cc(Cl)c4[nH]c(=O)[nH]c4c3)CC2C1,-31.933753
FC(F)(F)c1nnc(N2CCN(c3nc(-c4ccncc4)nc4c3CCC4)CC2)s1,-18.385606
CCn1cc(Cl)c(C(=O)NCC(CNC(=O)C(F)C(F)(F)F)OC)n1,-17.429423
CC(C)c1cnc(SCC(=O)NC(C)(C)C)n1C,-9.826523
CNC(=O)NC(C)C(=O)NCCCC(C)NC(=O)Cn1ccc(=O)[nH]c1=O,-18.743124
N#Cc1c(Cl)cc(Cl)cc1-c1ccc2sccc2c1,-17.284707
O=C(NC1CCC1NC(=O)c1cccn2c(=O)[nH]nc12)c1cccc2[nH]c(=O)ccc12,-22.840099
Cc1cccc(C2=CCN(C(=O)C(=O)N3CCSC(C(C)C)C3)CC2)c1,-15.994803
CN1C(=O)COc2ccc(C(=O)Nc3nc4cc(C(N)=O)ccc4[nH]3)cc21,-29.395124
COC(=O)c1cnc(OC)c(NC(=O)NC(C)CO)c1,-17.403665
NC(=O)c1ccc(C(=O)N2CC(NC(=O)c3cc[nH]c(=O)c3)C2)cc1,-36.955168
O=C(COCc1cccnc1)NC1CCC(CNC(=O)c2ccc3c(=O)[nH][nH]c(=O)c3c2)C1,-29.123671
O=C(CCc1c[nH]c(=O)[nH]1)NCC1(CNC(=O)c2ccc(-c3ccncc3)s2)CCC1,-27.64588
Cn1ccc2ccc(C(=O)NCC3CC(NC(=O)Cc4ccc(C(N)=O)nc4)C3)cc21,-30.856798
Cc1nc2ccc(C(=O)NC3CC(C)CN(C(=O)CC4CCC(C)(C)c5ccccc54)C3)cn2n1,-11.597998
CC(C)N(CCNC(=O)c1cnc2c(c1)CCC(=O)N2)C(=O)CCOc1ccccc1,-19.932706
Cn1cnnc1C1CCCCC1C(=O)N1CCc2c(Cl)cccc21,-21.016066
NC(=O)c1ccc(/C=C/C(=O)N2CC3CC(C2)N(C(=O)c2ccc4ncnn4c2)C3)cc1,-36.745547
O=C(NC1C2CN(C(=O)c3ccc4[nH]ccc4c3)CC21)c1ccn(-c2ccccc2Cl)n1,-20.156802
CCCOc1ccc(CNCc2c(C)nn(C)c2N(C)C)c(O)c1,-9.057907
CC(NC(=O)Cc1cccc(C(N)=O)c1)C1CCN(C(=O)c2cc3cc(O)ccc3[nH]2)C1,-33.537656
O=C(NCC1CN(C(=O)CCc2cccc3cnccc23)C1)c1ccn[nH]c1=O,-26.367985
Cc1sc2c(c1C)C(c1ccc(Cl)cc1)=NC(CC(=O)OC(C)C(=O)Nc1ccc(F)cc1Cl)c1nnc(C)n1-2,-6.099761
Nc1ncnc2cc(C(=O)NC3CCCN(C(=O)c4cc5c(Cl)cc(Cl)cc5[nH]4)CC3)ccc12,-34.297732
O=C(NCC1CC2CC2N1C(=O)/C=C/c1cccc(O)c1)c1cccc2cnccc12,-30.574364
CC(=O)NC(CC(C)C)C(=O)N1CC2CC(C1)N(C(=O)CC1OCCO1)C2,-7.389457
CC1(OC(=O)c2ccc(Cl)c(Cl)c2)CSC1,-17.692667
O=C(c1ncc(F)cc1F)N1CCn2cccc2C1c1ccccc1F,-20.047168
O=C(NC1CN(C(=O)Cc2cccc3ccccc23)CC1O)c1ccc(-c2cn[nH]c2)cc1,-35.70673
NC(=O)c1ccc(/C=C/C(=O)N2CCC2CNC(=O)c2cc(Br)n3ccccc23)cc1,-36.105355
O=C(NCC1CCCN(C(=O)c2cc3ccc(O)cc3[nH]2)C1)c1ccc(-c2ccncc2)[nH]c1=O,-29.485272
O=C(NCC1(CNC(=O)c2noc3c2CCCC3)CCC1)c1ncccn1,-14.293121
COc1ccc(-c2nnc(SC(F)F)n2NC(=O)c2nn(C)c(=O)c3ccccc23)cc1,-15.198838
O=C1CC(C(=O)N2CC3CC2CN3C(=O)c2c[nH]c(=O)c(F)c2)CN1c1cn[nH]c1,-31.876416
Cc1cc(C)n(CC(=O)N2CC(O)C(N(C)C(=O)c3c[nH]c4ncncc34)C2)n1,-27.234719
NC(=O)c1ccc(C(=O)NCC2CN(C(=O)Cc3ccc4c(c3)CCC4)C2)cc1,-29.340556
Nc1ncnc2cc(C(=O)N3CCCC3CNC(=O)C3CCN(c4cc(=O)[nH]cn4)CC3)ccc12,-31.659327
CCN(CCCNC(=O)C1=NN(c2ccc(F)cc2)C(C(N)=O)C1)C(=O)COC,-13.850908
CCCOc1ccc(CC(=O)NCC2(CNC(=O)Cn3nc(C)c4cccnc43)CC2)cc1OCCC,-9.729809
O=C1Nc2ccc(C(=O)NC(CNC(=O)c3ccc4cnccc4c3)C3CC3)cc2C1=O,-28.838756
O=C(CSCc1ccc(F)cc1)NC1CCN(C(=O)C2=COCCO2)CC1O,-23.711084
Cc1ccc(F)c(CN(C)Cc2c(F)c(F)c(F)c(F)c2F)c1,-15.167657
NC(=O)c1cc(S(=O)(=O)NCC(=O)NC2(C3CN(C(=O)c4ccc(-c5cccnc5)cc4)C3)CC2)c[nH]1,-37.215206
CN(C)C1CCC(C(=O)NCCNc2ncnc3sccc23)CC1,-23.762386
CCC1CCC(C(=O)N2CCCC2C(=O)Nc2cccc(C)n2)O1,-20.532667
Cc1ccnc(-c2n[nH]c(C(C)NCc3cnc(C4CCCO4)s3)n2)c1,-16.38399
NC(=O)c1cc(S(=O)(=O)NCC(=O)N2CCC2CNC(=O)c2ccc3[nH]c(=O)[nH]c(=O)c3c2)c[nH]1,-41.821631
CCCN(CCN1CCCCCC1)C(=O)c1cccc(Cn2cc(-c3c(Cl)cccc3Cl)nn2)c1,-11.218198
CCCC(CCC)C(=O)N1CC2(CN(C(=O)C(F)F)C2)C1,-13.902212
Cc1[nH]c2ccc(C(=O)OCCCN3CCOC3=O)cc2c1C,-19.853555
Cc1ccncc1-c1cn(CC2CN(C(=O)CN(C)c3ncnc4[nH]cnc34)CC2C(F)(F)F)nn1,-28.15372
NCCNCCSc1nc2cc(Cl)ccc2n2cncc12,-17.954313
NC(=O)c1ccc(C(=O)NC/C=C/CNC(=O)c2cc[nH]c2C2CC2)cc1,-33.145977
CC(C)(C)Oc1cccc(C(=O)NC23CC4CC(CC(CO)(C4)C2)C3)c1,-9.640051
NC(=O)c1ccc(C(=O)NCC2CN(C(=O)c3ccnc(-n4cncn4)c3)C2)cc1,-30.959108
OC(CNc1nc2ccccc2nc1N1CCOCC1)Cn1cccn1,-18.354491
COC(CNC(=O)/C=C/c1cccc(O)c1)CNC(=O)c1ccc(-c2ccncc2)cc1,-32.172221
CN(CC1(CNC(=O)c2ccc3[nH]c(=O)c(=O)[nH]c3c2)CC1)C(=O)c1ccc2c(=O)[nH][nH]c(=O)c2c1,-35.122046
CC1(C)CN(C(=O)c2ccc3cn[nH]c(=O)c3c2)CC1NC(=O)c1cn[nH]c(=O)c1,-35.431804
CC(C)=CCCC(=O)N(C)CC(C)(C)CNC(=O)C(C)NS(=O)(=O)c1ccc(Cl)cc1,-10.624948
O=C(N=S1(=O)CCC(O)CC1)c1cc(S(=O)(=O)N2CCCC2)ccc1O,-24.199517
O=C(NCC1CCN(C(=O)c2ccc(-n3cc[nH]c3=O)cc2)C1)c1ccc2c(=O)[nH]cnc2c1,-36.671065
CC1CN(C(=O)c2ccc3cn[nH]c(=O)c3c2)CCN1C(=O)c1ccc(-c2ccncc2)s1,-36.489949
O=C(CCC(=O)c1ccc(Br)cc1)NCC1CC(NC(=O)C2CCOCC2)C1,-17.355028
CCS(=O)(=O)NCCN1C(=O)CCN(Cc2ccccc2S(=O)(=O)N(C)C)C1=O,-9.186827
NC(=O)c1ccc(/C=C/C(=O)N2CC3CCC2CN3C(=O)c2ccc3c(c2)CCC(=O)N3)o1,-34.713385
CCC(CN(C)C(=O)c1ccc(CN2C(=O)CNC2=O)cc1)NC(=O)CNC(=O)NCc1ccc(F)cc1,-18.255737
N#Cc1cccc(C(=O)N2CC(O)(CCNC(=O)c3cc(C4CC4)ns3)C2)c1,-14.074992
Cn1ncc2ccc(C(=O)NCC3CCCC3NC(=O)/C=C/c3ccc(C(N)=O)cc3)cc21,-32.569239
O=C(c1ccc(Nc2ccccc2)cc1)N1CC2CCC1CN2C(=O)c1cccc(OC(F)(F)F)c1F,-16.12805
O=C(Cc1cc(=O)[nH]c(=O)[nH]1)NC1(CNC(=O)c2ccc3cnccc3c2)CCCC1,-33.022597
CC(NC(=O)N1CCC(O)(c2ccc(F)c(F)c2)CC1)c1ccsc1,-17.191594
O=C(CC1CCCC1O)NCC1(NC(=O)c2cnc3n2CCC3)CC1,-16.234541
O=C1NCc2ccc(C(=O)NCC3(O)CN(C(=O)c4ccc5c(=O)[nH][nH]c(=O)c5c4)C3)cc2N1,-28.450527
NC(=O)c1ccc(C(=O)NCC2(CNC(=O)c3ccc(-c4ccco4)[nH]3)CC2)cc1,-34.791753
O=C(CCC(=O)c1ccc(F)c(F)c1)OCCC(F)(F)F,-15.889705
Cc1ccc(OCCC(=O)N2CC3CC(NC(=O)C(C)(C)c4ccc(Cl)cc4)C2C3)c(C)c1,-12.016362
CC(C)C(NC(=O)c1ccc(F)cc1)C(=O)NCCN(C)C(=O)C1CCCN1C=O,-15.621234
O=C(NCC1(O)CN(C(=O)c2ccc(-c3ccc(O)cc3)cc2)C1)c1ccc(-c2cn[nH]c2)cc1,-35.163721
O=C(NC1CN(C(=O)c2cccn3c(=O)[nH]nc23)C1)c1ccc(-c2cn[nH]c2)cc1,-40.798438
CN(CC1(NC(=O)Cc2cccc(C(N)=O)c2)CC1)C(=O)c1ccc2nnnn2c1,-31.041981
O=C(Cc1coc2cc(O)ccc12)NC1CC(NC(=O)c2ccc3c(c2)NC(=O)NC3)C1,-37.805686
Cn1ccc(S(=O)(=O)NC2CCOC2c2ccc(Cl)c(F)c2)n1,-18.898454
Cc1noc(CCCC(=O)NCCCCC(C)NC(=O)C2CCCCCCC2)n1,-6.270275
NC(=O)c1cccc(CC(=O)N2CC3C(C2)C3NC(=O)c2ccc3sccc3c2)c1,-35.107083
O=C1CCc2cc(C(=O)NCC3CCN3C(=O)c3cn[nH]c3)ccc2N1,-29.58152
O=C(NC1CC2CC1C1CCCC21)c1cncnc1,-27.895331
CC(C)S(=O)(=O)Nc1cccc(C(=O)NCC2CCC(NC(=O)C3(c4ccc(Cl)cc4)CCC3)C2)c1,-10.103308
CN1Cc2cc(C(=O)NCC3(CNC(=O)c4ccc(C(N)=O)cc4)CC3)ccc2NC1=O,-34.663348
CC(C)c1nc2n(n1)CCCC2NC(=O)Nc1ccc2oc(=O)ccc2c1,-17.081374
CCc1nc(C(=O)NCc2ccc(N3CCCC(C(N)=O)C3)cc2)cs1,-30.44295
CN(CC1(NC(=O)Cc2cccc(C(N)=O)c2)CC1)C(=O)c1ccc2cnccc2c1,-37.861565
O=C(NC1C2CN(C(=O)/C=C/c3ccc(O)cc3)CC21)c1cnn2ccc(=O)[nH]c12,-33.22858
O=C(CN1CCCC1CO)NC1CCC(NC(=O)c2cnn(-c3ccc(F)cc3F)c2)CC1,-21.356466
NC(=O)c1csc(/C=N/NC(=O)c2ccc(C(=O)[O-])cc2)c1,-33.414709
CSC1CN(C(=O)/C=C/c2ccc(C(N)=O)cc2)CC1NC(=O)c1ccc2c(c1)CCCC(=O)N2,-32.217173
Clc1ccc(Oc2ccc(Cl)cc2CNCCCc2nc(-c3ccncc3)cs2)cc1,-20.771053
O=C(CCNC(=O)Nc1ccc2c(c1)C(=O)NCCC2)Nc1ccc(Br)cc1,-19.624755
O=C(NCC1CCN(C(=O)c2cc(-c3ccncc3)on2)C1)c1c[nH]c(=O)c2cnccc12,-32.808593
C=CCn1c(SCc2nc3sc(C(=O)OC)c(C)c3c(=O)[nH]2)nnc1C1CCS(=O)(=O)C1,-17.025625
COc1ccc2cc(C(=O)NC3CCC(Oc4ncccc4Cl)CC3)c(C)nc2c1,-20.166407
O=C1NCc2ccc(C(=O)NCC3C=CC(NC(=O)c4ccc(-c5cn[nH]c5)cc4)C3)cc2N1,-29.513164
NC(=O)c1cc(S(=O)(=O)NCC(=O)NC2CCCC(NC(=O)c3ccc(-c4cc[nH]n4)cc3)C2)c[nH]1,-33.0154
O=C(NC1CN(C(=O)c2cccc3ccncc23)C1)c1ccc2[nH]ncc2n1,-33.396541
COC(=O)C1(C2(O)CCN(C(=O)Cn3cc(C(=O)c4ccccc4)nn3)CC2)CCOCC1,-12.669427
CC(C)c1nc(C(=O)NCCc2cc[nH]n2)co1,-16.419855
O=C1CCCN1CC(O)CN1CCOC(c2cccc(Br)c2)C1,-15.974047
COC1C(N2C(=O)NC(Cc3c[nH][nH]c3=O)C2=O)CC1(C)C,-20.242144
CC(C)C(=O)Nc1ccc(Cl)c(C(=O)N2CC3CC2CN3C(=O)c2ccc(C#N)s2)c1,-19.464997
C=CCN1CCC(N(C)C(=O)CC(C)c2ccco2)C1=O,-17.84424
CC(C)n1ccnc1CNC(=O)c1cccc2c1CNCCO2,-13.495294
CNc1nccc(-c2ccnc(F)c2)c1F,-20.370081
O=C(NC1CCN(C(=O)c2cn[nH]c2)C1)c1ncnc2[nH]ccc12,-32.190756
CN1CC(=O)Nc2cc(C(=O)N3CCC3CNC(=O)c3ccc4c(=O)[nH][nH]c(=O)c4c3)ccc21,-25.097052
Cn1cc(CCN2C(=O)NC(c3ccc(O)c(Br)c3)C2=O)nn1,-21.928548
COc1ccc(Br)cc1CC(=O)NCC1CCN1C(=O)c1ccc2c(=O)[nH][nH]c(=O)c2c1,-28.134345
NC(=O)c1cc(S(=O)(=O)NCC(=O)NC2CCC(NC(=O)CNC(=O)c3ccc(Cl)c(Cl)c3)C2)c[nH]1,-26.753944
CCN1CC(C(=O)NC(C)(C)CNC(=O)c2cccc(-n3cccn3)c2)CC1=O,-17.950393
Cn1c(=O)[nH]c2cc(C(=O)NCC3CN(C(=O)c4ccc(-c5ccc(O)cc5)cc4)C3)ccc21,-31.365045
Cc1cc(=O)n(CC(=O)NC(C)C)c(C)c1C(=O)OCc1cccnn1,-20.174754
CCN(CC)S(=O)(=O)N(Cc1cccc(Br)c1)C(C)C,-15.150516
NC(=O)c1ccc(C(=O)N2CC3CC3(CNC(=O)CCc3c[nH]cn3)C2)cc1,-42.507386
CC(C)c1nn(C)cc1C(=O)N1CCC(NC(=O)CC2CC3CCC2C3)C1,-8.970356
Cc1ccc(S(=O)(=O)N2CCN(c3nc(N)nc(C4CC4)n3)CC2)o1,-18.592094
COc1ccccc1S(=O)(=O)CCCOC(=O)c1cc(N(C)C)c2ccccc2n1,-21.293966
O=C(NC1CN(C(=O)c2cn[nH]c2)CC12CC2)c1cnc2[nH]ncc2c1,-36.769284
CCC1CCc2c(sc3nc(-c4ccsn4)[nH]c(=O)c23)C1,-14.213356
C=CCCN(CC)C(=O)c1cccc(OC(C)=O)c1C,-15.551208
O=C(NCC12CC1CN(C(=O)Cc1c[nH][nH]c1=O)C2)c1coc2ccc(O)cc12,-31.295637
NC(=O)c1csc(C(=O)N2CC3C(CNC(=O)c4ccc5c(c4)CCCC(=O)N5)C3C2)c1,-30.487861
CCOCCC1(CNCCS(=O)(=O)c2ccccc2)CCCC1,-15.012105
CN(C)C(=O)CNC(=O)C1CC2CCC2C1,-15.340262
O=C(NCCOCCNC(=O)c1cc(-c2ccc(O)cc2)on1)c1ccc2c(=O)[nH][nH]c(=O)c2c1,-25.835613
CN(CC(=O)c1ccoc1)c1ccc(F)cc1,-17.303774
NC(=O)c1cc(S(=O)(=O)NCC(=O)NCCCNC(=O)c2ccn3c(=O)[nH]nc3c2)c[nH]1,-46.920864
O=C(NC1CN(C(=O)Cc2ccc3[nH]ncc3c2)C1)c1ccn2c(=O)[nH]nc2c1,-42.878271
CC(CNC(=O)CCOc1ccc(C(N)=O)cc1)CNC(=O)c1ccc2c(c1)NC(=O)CC2,-30.209242
NC(=O)c1ccc(C(=O)NCC2(F)CCN(C(=O)c3cccc4cc[nH]c34)C2)cc1,-29.598212
COC1(OC)CC(C(=O)NCC(C)(O)CNC(=O)CCc2ccc(Cl)cc2)C1,-15.595777
Cc1cn(CC(=O)NC2CCCC2CNC(=O)c2ccc(-c3cn[nH]c3)cc2)c(=O)[nH]c1=O,-31.175947
Cc1cc(NC(=O)C(=O)N2CC3=C(CN(C(=O)CN(C)C(=O)c4ccccc4)C3)C2)no1,-14.057524
O=C(NC1CC(NC(=O)c2ccc(-c3ccncc3)[nH]c2=O)C1)c1cncc(-c2ccncc2)c1,-29.926541
O=C(NCC1CCCC1NC(=O)c1ccc2c(=O)[nH][nH]c(=O)c2c1)c1ccc(-c2cn[nH]c2)cc1,-35.943896
CC(C)(C)c1ccc(OCCCN2CCC(=C3c4ccc(Cl)cc4CCc4cccnc43)CC2)cc1,-8.298394
CC1(CNC(=O)c2ccc3c(=O)[nH]cnc3c2)CCCN1C(=O)c1ccc(C(N)=O)cc1,-40.218512
CCCCCOc1ccc(S(=O)(=O)Nc2nc3cc4c(cc3s2)OCO4)cc1,-15.863158
CC1(NC(=O)Cc2cc(=O)[nH]c(=O)[nH]2)CC(NC(=O)c2cc(C(N)=O)[nH]n2)C1,-36.946814
O=C(c1cc2c(ccc3ccccc32)[nH]1)N1CC(CNC(=O)C(F)(F)F)C1,-24.350208
N#Cc1ccc(C(Sc2nnc(C3CC3)n2-c2ccccc2)C(N)=O)cc1,-15.120713
Cc1cc(C)c(Cn2cnc3cscc3c2=O)c(C)n1,-16.342702
CC(c1ccc(F)cc1)S(=O)(=O)c1nc(Cc2cccs2)n[nH]1,-20.714804
CC(C)(CNC(=O)c1ccc2c(c1)CCC(=O)N2)NC(=O)C1CC(=O)N(c2cn[nH]c2)C1,-31.140132
O=C(NCC1CC2CC2N1C(=O)c1ccc(-n2ccnc2)cc1)c1ccc2n[nH]c(=O)n2c1,-34.699249
COCCOCC(=O)NC1CCN(C(=O)c2c(C)oc3ccc(OC)cc23)CC1O,-14.463819
O=C(NCC1(NC(=O)c2cccc3[nH]ncc23)CCC1)c1ccc(-c2cn[nH]c2)cc1,-40.323988
COc1ccc(CCNS(=O)(=O)c2cc3c(cc2Br)CCN3C(C)=O)cc1OC,-8.320683
O=C(NC1(CO)CCN(C(=O)c2cc3ccncc3s2)C1)c1c[nH]c2ncncc12,-34.150974
NC(=O)c1ccc(NC(=O)CCN2CC=C(c3c[nH]c4ncccc34)CC2)cc1,-36.376451
N#Cc1cnc(C(=O)NC(CNC(=O)c2c(Cl)cc(C(F)(F)F)cc2Cl)C2CCC2)c(Cl)c1,-25.95594
O=C1NCc2ccc(C(=O)NC3CCCC3NC(=O)c3c[nH]c(=O)c4cnccc34)cc2N1,-32.81883
C#CC1CCN1C(=O)/C=C/c1ccc(C(=O)OC)cc1,-20.747172
CC(C)(C)C(=O)Nc1ccc(F)c(C(=O)Nc2cc(Cl)c(N)cn2)c1,-23.630384
O=C(CCc1c[nH]c(=O)[nH]1)NCCOCCNC(=O)c1ccc(-c2cn[nH]c2)cc1,-36.843938
CN1CC(O)CC1C(=O)NC1(C)CCN(C(=O)c2ccc(-c3cccc(Cl)c3)s2)C1,-25.650196
Cn1c(C(=O)N2CC(O)C(NC(=O)c3ccc4n[nH]c(=O)n4c3)C2)c[nH]c1=O,-35.617642
Cc1ccc(C(C)C(=O)NCCC2CN(C(=O)C3CCOCC3)C2)o1,-14.535361
Cn1c(=O)[nH]c2cc(C(=O)NCC3(CNC(=O)c4nc5cnccc5s4)CC3)ccc21,-26.282623
Cc1ccc(C2OCCCC2C(=O)Nc2nc3c(C)cc(C)cc3s2)cc1,-20.437708
O=C(CCc1ccc(O)cc1)NC/C=C/CNC(=O)c1c[nH]c(=O)c2ccsc12,-35.805382
O=C(c1cnn2ccccc12)N1CCCC(O)(c2ccc(Cl)cc2)C1,-18.034251
CC(C)Oc1ccc(S(=O)(=O)N2CCCC3(C2)NC(=O)NC3=O)cc1Cl,-15.838346
CCc1ccc(CNC2COc3cc(CO)nn3C2)cc1,-23.51385
C#CCCC(=O)N1CCCN(C(=O)c2csc(COc3ccc(C)cc3)n2)C(C)C1,-12.013443
COC(=O)c1ccc(COc2ccc(CN3CC(C)CC(C)C3)cc2)o1,-13.174703
O=CNCC(=O)N1CCCC1CNC(=O)C1CCN(C(=O)c2cccnc2)CC1,-15.25827
NC(=O)c1cn(CC(=O)NCC2CN(C(=O)c3ccc4ncncc4c3)C2)c2ccccc12,-43.325294
C=CCC(C)(C)CC(=O)NCC1COCCN1C(=O)C1CCC(CO)CC1,-21.594945
COc1ccc(NC(=O)NNC(=O)c2ccc(OCC(=O)N3C(C)CCCC3C)cc2)cc1C(F)(F)F,-4.431237
Cc1ccc(-c2ccc(CN(C(=O)NCc3ccc(C(F)(F)F)cc3)C(C)C)s2)cc1,-17.889347
CCCCCSCCn1ccc2c(Br)cccc2c1=O,-17.737038
O=C(NC1CCC1NC(=O)c1cc2cc(O)ccc2[nH]1)c1cccc(-c2ccncc2)c1,-35.29894
Cc1nnc(C(C)NC(=O)N2CCC(n3cn[nH]c3=O)CC2)o1,-23.142008
CSCCC(NC(=O)CCCc1ccncc1)C(=O)N1CCN(C)CC1,-17.476456
CCCC(C(=O)NC1CC(NC(=O)Cc2cccc(Oc3ccccc3)c2)C1)c1ccccc1,-10.599515
Nc1cc(-c2cn(-c3ccccc3C(=O)NCc3ccc(-n4ccnc4)c(F)c3)nn2)ccn1,-35.703487
Nc1ncnc2cc(C(=O)N3CC(O)CC(NC(=O)c4csc5nc[nH]c(=O)c45)C3)ccc12,-37.864134
Cn1cnc2cc(C(=O)NCC3CC4CC4N3C(=O)Cc3cccc(C(N)=O)c3)ccc2c1=O,-30.517948
O=C(Cc1cccc2cnccc12)NC1CN(C(=O)c2ccc3c(=O)[nH][nH]c(=O)c3c2)C1,-29.257267
NC(=O)c1ccc(C(=O)NC23CC(NC(=O)Cc4cc(=O)[nH]c(=O)[nH]4)(C2)C3)cn1,-30.398589
O=C(NC1CCCC1NC(=O)c1ccc2c(=O)[nH]cnc2c1)C(=O)c1ccc(O)cc1,-35.171952
CCOc1cccc(/C=C/C(=O)NCC(=O)Nc2cccnc2)c1,-22.880929
O=C(Cc1ccc2cnccc2c1)NC1CCC1NC(=O)c1cnc2ccncc2c1,-32.04182
CC(NC(=O)c1cc(Br)cc(S(N)(=O)=O)c1)c1ccc(NC(=O)c2ccncc2)cc1,-23.80581
Cn1cc(-c2ccc(C(=O)N3CC(NC(=O)c4cc5cc(O)ccc5[nH]4)C4(CC4)C3)o2)cn1,-36.068838
Cn1c(=O)[nH]c2cc(C(=O)NC3CCC3NC(=O)c3ccc4c(=O)[nH][nH]c(=O)c4c3)ccc2c1=O,-34.791617
NC(=O)c1cc(S(=O)(=O)NCC(=O)NC2CC(NC(=O)c3ccc4c(c3)NC(=O)CCC4)C2)c[nH]1,-37.617359
NC(=O)c1ccc(/C=C/C(=O)NCC2(O)CN(C(=O)c3cc4ccc(O)cc4[nH]3)C2)cc1,-38.993747
NC(=O)c1cc(S(=O)(=O)NCC(=O)NCC2(CCNC(=O)Cc3cccc4cnccc34)CC2)c[nH]1,-31.429768
NC(=O)c1ccc(C(=O)N2CC3CC2CN3C(=O)c2cc(=O)c3ccccc3[nH]2)s1,-30.209267
CC1(C)CCc2nc(NC(=O)NC3CCC(=O)NC3c3ccccc3)ncc2C1,-17.413316
CC(c1ccccc1)N(C(=O)c1cnc(-n2cccn2)cn1)C(C)c1ccccc1,-15.034426
CCO/C=C/C(=O)N1CCCc2cc(F)c(F)c(F)c21,-18.44423
COCCc1noc(-c2cc(Cl)ccc2NC(=O)NCCC(=O)Nc2cccnc2)n1,-18.236258
O=C(Cc1cccc2cnccc12)NCC1(CNC(=O)c2ccc3ccncc3c2)CC1,-29.557092
CN(C(=O)c1coc2ccc(O)cc12)C1CN(C(=O)c2cc(=O)[nH]cn2)C1,-30.960524
NC(=O)c1ccc(C(=O)N2CC3CCC2CN3C(=O)c2cocn2)cc1,-29.300161
O=C(Cc1coc2cc(O)ccc12)NC(CNC(=O)c1cccc2[nH]ncc12)C1CC1,-32.673835
NC(=O)c1cc(C(=O)NCC2(NC(=O)Cc3coc4cc(O)ccc34)CC2)n[nH]1,-29.176029
NC(=O)c1ccc(NS(=O)(=O)N2CCCC2)cc1,-29.310291
Cc1ncc(Br)cc1C(=O)NC1Cc2ccccc2C1,-21.135901
CC1(NC(=O)Cn2cnc3c(N)ncnc32)CCN(C(=O)c2cccc(-c3cc[nH]n3)c2)C1,-34.593159
NC(=O)c1ccc(C(=O)NCC2(CNC(=O)c3cc4ccccc4[nH]3)CCC2)cc1,-39.405016
NC(=O)c1ccc(C(=O)NCC2CC2CNC(=O)c2cc3ccnc(Cl)c3[nH]2)cc1,-34.852264
O=C(NCC1(NC(=O)c2ccc3c(=O)[nH]cnc3c2)CC1)c1ccc(-c2ccncc2)cc1,-31.298159
O=C(NCC1CC1CNC(=O)c1cc(=O)c2cc(O)ccc2o1)c1ccc2nncn2c1,-34.270098
O=C(NC1CC(NC(=O)c2cc3cc(O)ccc3[nH]2)C1)c1ccc2c(c1)[nH]c(=O)n2C1CC1,-35.584401
O=C(NC1(CNC(=O)c2c[nH]c(=O)c3cncn23)CC1)c1c[nH]c(=O)c2ccccc12,-28.704515
O=C(/C=C/c1cccs1)NC1CN(C(=O)c2ccc3cc(O)ccc3c2)C1,-35.497597
O=C1NCc2ccc(C(=O)NC3CCCN(C(=O)c4cc5cc(O)ccc5[nH]4)C3)cc2N1,-32.362077
O=C(NCC1CCCC1NC(=O)c1c[nH]c(=O)c(F)c1)c1ccc(-c2cnco2)cc1,-32.621923
CC(C)(CNC(=O)CNC(=O)c1ccc2ccccc2c1)CNC(=O)CNS(=O)(=O)c1c[nH]c(C(N)=O)c1,-32.239356
CC1CN(C(=O)c2ccc(-c3ccncc3)s2)CCC1NC(=O)c1cccc(-c2cnnc(N)n2)c1,-34.163976
O=C(NCC1(NC(=O)c2cccn3c(=O)[nH]nc23)CC1)c1ccc(-c2ccncc2)s1,-33.419198
COc1cc(O)c(C(=O)N2CC(F)(CNC(=O)C(C)(C)C(N)=O)C2)cc1OC,-13.499878
COC1CC(CN(C)C)N(c2cc(N3CCC(O)CC3)ncn2)C1,-17.640259
O=C(NC1CCC1NC(=O)c1cccc2[nH][nH]c(=O)c12)c1csc(-c2ccc(O)cc2)n1,-33.921646
CCC(C(=O)N(C)CC1(O)CN(C(=O)c2ccccc2SCC(=O)N2CCCC2)C1)c1ccc(OC)cc1,-5.845156
O=C(NCC1(CNC(=O)c2cc3c(Cl)c(Cl)ccc3[nH]2)CCC1)c1cc2cc(O)ccc2[nH]1,-36.497177
CCN(CC(=O)NCC(C)(O)CNC(=O)c1ccn(-c2ccc(Cl)c(Cl)c2)n1)Cc1ccccc1Cl,-16.23466
O=C(/C=C/c1cccc(O)c1)N1CCN(C(=O)Cc2cccc3cnccc23)CC1,-40.799003
NC(=O)c1ccc(/C=C/C(=O)NC2CCC2NC(=O)c2cc3cc(S(N)(=O)=O)sc3s2)o1,-37.326529
CN(CC1CCOC1)S(=O)(=O)c1c[nH]nc1C(C)(C)C,-14.391932
CC(C(=O)Nc1ccc(C(F)(F)F)cc1)N1CCC(=C2c3ccc(Cl)cc3CCc3cccnc32)CC1,-11.813471
NC(=O)NC(Cc1ccccc1)C(=O)NC1CCCN(C(=O)/C=C/c2ccc(O)cc2)C1,-31.640931
CN(C)C1CCC(C(=O)NCCC(O)CNC(=O)c2cc3cc(Cl)ccc3[nH]2)C1,-19.246661
CCC(C)NC(=O)c1cccc(CNC(=O)C(=O)N2CCCC(CS(=O)(=O)NC)C2)c1,-7.879476
CC(O)(CNC(=O)c1ccc(-c2cnco2)cc1)CNC(=O)c1cc[nH]c(=O)c1,-32.061147
C=C(C)C1CC=C(CNC(C)c2cccc(NC(C)=O)c2)CC1,-16.468309
COc1cc(CC(=O)NCCC(O)CNC(=O)C2CCCCC2O)ccc1Br,-21.210714
COc1ccc(CCNC(=O)NC2CC(O)C3OC(C)(C)OC23)cc1,-25.843803
CC(C)COC1CCN(C2CCN(C3CCOCC3)C2=O)C1,-16.94443
O=CNNC(=O)Cn1sc2ccccc2c1=O,-17.791394
COCC1CCN(C(=O)c2ccccc2SC)C1(C)C,-8.978732
CC1CCC(NC(=O)/C=C/c2cccc(O)c2)CN1C(=O)c1ccc2n[nH]c(=O)n2c1,-40.92258
C1CC2CCC1CC2CNC1CCC2CCC1C2,-6.049082
O=C(CN1C(=O)C(F)(F)Oc2ccccc21)NC/C=C/CNC(=O)c1ccccc1OC(F)F,-19.374932
O=C(CNS(=O)(=O)c1ccc(Br)s1)NCCCCNC(=O)C1(C(F)(F)F)CCCCO1,-12.201218
CC1CN(C(=O)C2CCN(c3ccncc3)C2)CC1CNC(=O)c1cn[nH]c1,-29.344599
C=Cc1ccc(CN(C=O)Cc2ccccc2S(=O)(=O)N(C)C)cc1,-16.80322
CN(C)c1c(NC(=O)Cc2cccc(C(N)=O)c2)c(=O)c1=O,-28.03416
Cn1c(=O)c2c(ncn2CC(=O)NCC2CCCN2C(=O)c2ccc3c(N)ncnc3c2)n(C)c1=O,-28.373957
Cn1c(SCc2cccc3c(Br)cccc23)nnc1C1CCCNC1,-16.455958
CC(C)NC(=O)C(=O)NCC1CCCN(C(=O)C2CC3CCC2O3)C1,-10.67118
O=C(NC1CC2CC1N(C(=O)Cc1ccc(-n3ccnc3)cc1)C2)c1cn[nH]c1,-28.244118
CCCn1nc2c(cc1=O)CN(C(C)c1ccc(S(C)(=O)=O)cc1)CC2,-14.690419
NC(=O)c1ccc(C(=O)N2CC3CC(NC(=O)c4cc5ncccc5o4)C2C3)cc1,-33.886298
CCN(CC(=O)NC(C(=O)OC)C(C)C)Cc1occc1C,-11.825282
COCC1(NC(=O)CNS(=O)(=O)c2c[nH]c(C(N)=O)c2)CN(C(=O)c2ccc3c(=O)[nH]cnc3c2)C1,-31.750509
CON(C)C(=O)Nc1cccc(N(C)C)c1,-15.750276
CC(NC(=O)C1CC(n2cc(C(C)(C)O)nn2)C1)c1ccc2c(c1)CC(=O)N2C,-29.725746
CCN(CC)C(=O)CCC(=O)NC(CC(=O)OC)CC(=O)OC,-14.526054
Cc1nc(N(C)C2CCC2)ccc1Br,-15.833221
O=C(NCC1CCCN1C(=O)c1cc2cc(O)ccc2[nH]1)c1cnc(-c2ccncc2)s1,-41.103549
Nc1ncnc2c1ncn2CC(=O)N1CC(CNC(=O)c2cccc(-c3cc[nH]n3)c2)C1,-31.059281
NC(=O)c1ccc(/C=C/C(=O)NCC2(NC(=O)c3cccc4[nH]c(=O)ccc34)CC2)cc1,-33.247684
COc1ccc(C(=O)N(C)CCOCCNC(=O)C2CCCc3[nH]cnc32)c(F)c1F,-19.943517
COc1cc2c(cc1C(=O)NCC1CC(F)CN1C(=O)c1nn(-c3ccccc3)c(C)cc1=O)CCC2,-14.400082
CCN(CCN(CC)C(=O)C1=C(C)OCCS1)C(=O)CCc1cccc(OC)c1OC,-9.674148
O=C(NC1CN(C(=O)c2ccc(-c3ccncc3)s2)CC1O)c1cc[nH]c(=O)c1,-35.562059
O=C(CSCC(=O)N(c1ccc(F)c(Cl)c1)c1nccs1)N1CCCCC1,-11.501407
Cc1ccc(-c2nnc(C(C)OC(=O)C3=C(Cl)CCCC3)o2)cc1C,-21.022016
C#Cc1ccc(C(=O)N(C)CCCCN(C)C(=O)C2C3Cc4ccc(Cl)cc4C32)c(F)c1Cl,-12.007028
CC1CN(C2CCN(C(=O)C(=O)NCc3ccc4ccn(C)c4c3)CC2)CC(C)O1,-12.936096
CCCCn1c(=O)n(Cc2ccc(Br)cc2C#N)c(=O)c2c1nc(CO)n2CCC,-13.390616
CC(CCNC(=O)c1cccn2c(=O)[nH]nc12)NC(=O)c1ccc2n[nH]c(=O)n2c1,-34.516208
O=C(NCCC1CN(C(=O)c2cc(-c3ccncc3)n[nH]c2=O)C1)c1ccc2cc(O)ccc2c1,-31.154468
CC1C(NC(=O)c2ccc(C(N)=O)cc2)CCN1C(=O)c1cnc2[nH]ncc2c1,-28.991777
CC1(CNC(=O)c2ccc(-n3cccc3)cc2O)CC1Br,-21.060525
O=C(CCCn1cncn1)Nc1ccc(F)c(F)c1O,-22.240448
CCCCNc1ccccc1C(=O)NC(C)CNC(=O)CNC(=O)OC,-15.519587
Nc1ncnc2c1ncn2CC(=O)NC1CCC1NC(=O)c1ccc2c(c1)NC(=O)NC2,-33.809719
O=C(NC1CCCC(NC(=O)c2cccn3nccc23)C1)c1c[nH]c2ncncc12,-29.556496
O=C1CCc2cc(C(=O)NC3(CNC(=O)c4cc5ccncc5s4)CC3)ccc2N1,-29.464637
O=C1CCc2cc(C(=O)NCC3(CNC(=O)c4ccc5cn[nH]c(=O)c5c4)CCC3)ccc2N1,-31.402009
NC(=O)c1ncn(CC(=O)NCC2(O)CN(C(=O)c3ccc4c(N)ncnc4c3)C2)n1,-45.385759
NC(=O)c1ccc(OCCC(=O)N2CC(OCCNC(=O)c3ccc(=O)[nH]c3)C2)cc1,-28.476889
CC(C)(O)CCCNC(=O)C(N)Cc1cccc(C#N)c1,-16.128325
O=C(NC1CCCCN(C(=O)/C=C/c2ccc(-n3ccnc3)cc2)C1)c1cn[nH]c1,-27.289152
O=C(NCCCCNC(=O)c1cn[nH]c(=O)c1)c1cn[nH]c(=O)c1,-37.340979
NC(=O)c1ccc(/C=C/C(=O)NCC2C3CN(C(=O)c4c(F)ccc5[nH]ccc45)CC23)cc1,-34.063152
O=C(NC1CCN(C(=O)c2cc(-c3ccncc3)n[nH]c2=O)C1)c1ccc(-c2cn[nH]c2)cc1,-36.998605
NC(=O)c1cccc(OCC(=O)NCCC2CN(C(=O)c3ccc4ccncc4c3)C2)c1,-35.54473
CC1CN(C)CC(C(=O)N2CCOC(CNC(=O)COc3ccc(F)cc3Cl)C2)O1,-16.16866
Cn1c(=O)[nH]c2cc(C(=O)NC3CCCC3NC(=O)/C=C/c3ccc(C(N)=O)o3)ccc21,-34.545329
NC(=O)c1cc(C(=O)N2CC(NC(=O)Cc3n[nH]c(=O)c4ccccc34)C2)ccn1,-32.193928
Cc1nnc(-c2ccnn2C2CC2)o1,-20.447122
COc1ccc(Cl)cc1C(=O)N1CCN(C(=O)OC(C)(C)C)Cc2ccc(C)cc21,-12.813073
CCC(CN(C)C(=O)c1ccc(C(=O)NCCOC)cc1)NC(=O)c1cnc(OC)nc1C(F)(F)F,-18.95025
Cc1c(C(=O)NC/C=C/CNC(=O)CC2CCC(C)(C)C2)cnc2ccccc12,-14.74457
Nc1ncnc2cc(C(=O)N3CCC(CCNC(=O)/C=C/c4cccnc4)C3)ccc12,-33.84848
CCNC(=NCC(c1ccsc1)N(CC)CC)NCC,-9.163118
Nc1nc(N)nc(COC(=O)c2cc(O)c3ccccc3c2)n1,-28.375337
NC(=O)c1cc(S(=O)(=O)NCC(=O)N2CC3(CC(NC(=O)c4cc5ccncc5s4)C3)C2)c[nH]1,-33.995346
NC(=O)c1ccc(/C=C/C(=O)N2CCC(O)C(NC(=O)c3cn[nH]c3)C2)o1,-36.321937
COC(=O)c1c(-c2ccccc2Cl)csc1NC(=O)COC(=O)C1(Cc2ccccc2)CC1,-12.35037
CN1CCCC(Sc2nnc(COc3ccccc3Cl)n2C2CC2)C1=O,-17.932025
Cc1cc(-c2nnn[nH]2)ccc1Oc1ccc(C(=O)NNC(=O)CSc2nnc(SCc3cccc4ccccc34)s2)cc1,-18.095187
CCc1n[nH]cc1NC(=O)Nc1cc(N2CCCC2)ccc1C,-22.28895
Cn1cc(-c2ncc(C(=O)N3CCC(NC(=O)CNS(=O)(=O)c4c[nH]c(C(N)=O)c4)CC3)s2)cn1,-33.127805
NC(=O)c1cc(S(=O)(=O)NCC(=O)NC2(CNC(=O)c3ccn[nH]c3=O)CCCC2)c[nH]1,-31.020058
Nc1ncnc2c1ncn2CC(=O)NC(CNC(=O)c1cccc2[nH]ncc12)C1CCC1,-35.662126
O=C(NCc1cccc(-c2ccccc2)c1)N1CC(c2cc(=O)[nH][nH]2)C1,-29.259247
COc1ccccc1-c1nnc(NS(=O)(=O)c2cn(C)nc2C2CC2)o1,-16.956319
Nc1ccc(C(=O)NCC2CC(NC(=O)c3ccc4cnccc4c3)C2)c2ccncc12,-33.032741
O=C(c1cc(-c2cccnc2)n[nH]1)N1CCC2(C1)CN(C(=O)c1cc3ccncc3[nH]1)C2,-27.273498
O=C(NCC1CN(C(=O)C2CC(=O)N(c3cn[nH]c3)C2)CC1O)c1cn[nH]c1,-35.237626
Cn1cncc1CNC(=O)C(=O)Nc1ccccc1N1CCC(C(N)=O)CC1,-27.049378
NC(=O)c1ccc(/C=C/C(=O)N2CCC2CNC(=O)c2ccc3c(c2)-c2ccccc2C3)o1,-28.547163
O=C(NCC1(NC(=O)c2ccc3cnccc3c2)CC1)c1ccc2snnc2c1,-32.447164
CCc1nnc(N2CCCC2C2CCCCC2O)o1,-12.635386
OC1(c2ccc(F)cc2)CCC([NH2+]CC2CN(c3ncccn3)C2)CC1,-16.021434
O=C(NCC1CC1CNC(=O)c1cccc(-c2ccncc2)c1)c1ccc(-c2cnco2)cc1,-28.713836
O=C(NCC1CN(C(=O)c2ccc(-c3ccc(O)cc3)cc2)C1)c1ccc(-c2ccncc2)cc1,-31.353319
Cc1nn2c(=O)cc(CN(C)C(C)(C)CCO)[nH]c2c1C,-14.469111
NC(=O)c1cccc(CC(=O)N2CC3C(C2)C3NC(=O)c2cccc(-n3cc[nH]c3=O)c2)c1,-36.709883
Cc1nc2ccc(NCC(=O)NCCC(C)(C)C)c(Br)c2nc1C,-10.899354
CNC(=O)Nc1cccc(C(=O)NCC(C)(O)CNC(=O)c2cc(NC(=O)NC)ccc2Cl)c1,-13.618485
CN(C)S(=O)(=O)NCC(=O)N1CCN(C(=O)COc2ccsc2)CC1,-21.882488
O=S(=O)(CCCF)NC1CCN(CC2=CCCCC2)CC1,-10.011728
O=C(NCC(NC(=O)c1ccc2cnccc2c1)C1CC1)c1ccc2cn[nH]c(=O)c2c1,-39.511074
NC(=O)c1ccc(/C=C/C(=O)N2CC3CC2CN3C(=O)c2ccc3cc(O)ccc3c2)o1,-38.401646
O=C(/C=C/c1ccc(-n2ccnc2)cc1)NC1C2CN(C(=O)c3cc4cc(O)ccc4[nH]3)CC21,-31.326784
O=C(NC1CCN(C(=O)Cc2c[nH][nH]c2=O)CC1)c1ccc(-c2ccncc2)[nH]c1=O,-26.88017
CNc1ncnc2cc(C(=O)NCC(O)CNC(=O)c3ccc(C(N)=O)cc3)ccc12,-28.734142
NC(=O)c1cc(S(=O)(=O)NCC(=O)N2CC3CN(C(=O)CCc4ccnc(Cl)c4)CC3C2)c[nH]1,-32.569453
O=C(/C=C/c1ccc2c(c1)OCO2)NC1CCC1NC(=O)c1cn[nH]c1,-32.937595
CC(CNC(=O)CSCCC(F)(F)F)(NC(=O)c1cccc(-c2noc(O)n2)c1)C1CC1,-15.561362
O=C(/C=C/SCc1ccco1)NCC(CO)NC(=O)c1cccnc1Oc1ccc(Cl)cc1Cl,-11.649333
CCC(CC)(NCC(=O)N1CCCCC1C(N)=O)c1ccccc1,-14.809748
O=C(CNC(=O)c1c[nH]c(=O)[nH]c1=O)NC1(C2CN(C(=O)c3ccc(-c4cn[nH]c4)cc3)C2)CC1,-31.794415
CCn1nc(C(=O)N2Cc3ccc(OC)cc3C2)cc1C,-24.478506
C=CCOC(=O)NCC(=O)N1CC(O)C(n2cc(CNC(=O)C(C)O)nn2)C1,-16.684292
O=C(Cn1ccc(=O)c2ccccc21)NC1CC2CC1N(C(=O)c1cc3cc(O)ccc3[nH]1)C2,-35.897418
O=C(Nc1cccc(F)c1)OC1CN(c2nc3c(Br)cccc3s2)C1,-20.573517
CCc1noc(-c2ccc(NC(=O)CC(C)C3CCCO3)c(Cl)c2)n1,-13.795396
CC#CC(C)Sc1nccn1-c1ccc(OC)cc1,-21.527736
O=C(NCCOC1CN(C(=O)C2(C(F)(F)F)CCCCO2)C1)C(CO)c1ccccc1,-12.210801
CCO/C=C(\C#N)C(=O)NC(C)CNC(=O)c1ccc(C)cc1,-17.946509
Cc1nc(NCC(=O)N(C)Cc2ccccc2)c(C#N)c2c1CCCC2,-15.360373
NC(=O)c1cc(S(=O)(=O)NCC(=O)NC2C3CN(C(=O)c4ccc(Cn5ccnc5)cc4)CC32)c[nH]1,-28.069975
CC(=O)Nc1cc(OCc2cc3ccc(C)cc3nc2Cl)ccc1Cl,-16.933653
CC1C(NC(=O)c2c[nH]c(=O)c3cnccc23)CCCN1C(=O)Cn1cnc2c(N)ncnc21,-28.806872
CC1CN(C(=O)c2cc(=O)c3cc(O)ccc3o2)CC1NC(=O)c1ccc2[nH]c(=O)[nH]c2c1,-28.709182
Cc1cc(N2CCN(C(=O)NC(C)c3ccoc3)CC2)[nH]n1,-20.112298
CCOC(=O)c1nc(C(CC)N2CCC(=O)N(CCc3ccc4c(c3)OCCCO4)C2=O)nn1C,-2.403461
CC(NC1CC(C)(C#N)C1)c1ccnn1C,-17.085902
CCOC(=O)CSCC(=O)c1cccc(C#N)c1,-14.879275
NC(=O)c1ccc(-c2cccc(C(=O)NCc3ccc(-c4cncnc4)cc3)c2)cc1,-41.262463
O=C(NCC12CC1CN(C(=O)c1ccncc1)C2)c1ccc(-c2cn[nH]c2)cc1,-30.347507
COC1CN(C(=O)CNS(=O)(=O)c2c[nH]c(C(N)=O)c2)CC1NC(=O)c1ccc2c(c1)CN(C)C(=O)N2,-27.249268
O=C(C1Cc2ccccc2C1)N1CCN2CCC1CC2,-19.229151
CS(=O)(=O)C1CC(C(=O)N2CCCC(N3CCCCC3=O)C2)C1,-12.646441
CN(C(=O)c1cc2n(n1)CCCC2O)C1CC(NC(=O)c2ccc3c(c2)COC3=O)C1,-23.59891
Cn1ccc2ccc(C(=O)N3CC(NC(=O)Cc4cccc(C(N)=O)c4)CC3CO)cc21,-33.928943
Cc1cc(Br)c(S(=O)(=O)Nc2ccc(Br)cc2Br)cc1Br,-17.465643
CC(CNC(=O)c1ccc2nccnc2n1)(NC(=O)c1ccc(C(N)=O)cc1)C1CC1,-31.195401
O=C(NCc1cnn(CCO)c1)C1(O)CCCCC1,-23.988305
CC(O)(CNC(=O)CNC(=O)c1ccc(O)cc1)CNC(=O)c1ccc2n[nH]c(=O)n2c1,-33.96235
O=C(Cc1coc2cc(O)ccc12)N1CC2CC(C1)N(C(=O)c1ccc3c(=O)[nH]cnc3c1)C2,-29.497435
CN1CCCC(Cn2cc(-c3nn(C)cc3Cl)nn2)C1=O,-20.415128
CCOc1cc(C(=O)N(CCCNC(=O)/C=C/Br)C(C)C)cc(Cl)c1O,-11.133804
Nc1ncnc2c1ncn2C1CN(C(=O)c2cn[nH]c(=O)c2)C1,-41.432419
COc1ccc(Cl)cc1C(CC(C)C)[NH2+]Cc1cc(Br)cc(Br)c1N,-10.876036
O=C(NC1CCCN(C(=O)c2cn[nH]c(=O)c2)C1)c1ccc(-c2cn[nH]c2)cc1,-42.994766
c1cnn(C2CCN(CC3CCCO3)C2)c1,-11.102612
Cc1cc(O)c(C(=O)CCC(=O)NC2(CN(C)C(=O)CC3CC3)CC2)cc1Br,-15.713461
CN(C)c1ccc(C(=O)NCC(=O)NC2(CNC(=O)C3CCCN(C(=O)c4ccccn4)C3)CC2)cc1,-17.638085
COCC1(CC(=O)N2CC(NC(=O)C3CCOC3C(C)C)CC2CO)CC1,-7.67571
CN1C(=O)C(=C(Nc2cccc3ncccc23)c2cc3ccccc3c(=O)[nH]2)C(=O)N(C)C1=O,-19.132158
N#Cc1ccc(C(=O)N2CC(NC(=O)CNS(=O)(=O)c3c[nH]c(C(N)=O)c3)C2)s1,-35.676847
NC(=O)c1cc(S(=O)(=O)NCC(=O)N(CCNC(=O)c2ccc3c(c2)CCC(=O)N3)CC2CC2)c[nH]1,-21.896682
COC(=O)c1sc(C(=O)N=S(C)(C)=O)cc1N,-18.340583
NC(=O)c1ccc(C(=O)N2CC3C(CNC(=O)c4cccc5c4oc4ccccc45)C3C2)cc1,-35.504822
CN(C(=O)CCCC(C)(C)C)C1CCN(C(=O)C2CC3CCC2CC3)C1,-4.00859
O=C(NC1(CCNC(=O)c2cccc3sccc23)CCC1)c1ccc(-c2cn[nH]c2)cc1,-32.624686
O=S(=O)(NC1Cc2ccccc2C1O)c1ccc2ccccc2c1,-23.69141
CN(C(=O)OC(C)(C)C)C(CNc1cccc(-n2ccnc2)n1)Cc1ccccc1,-22.492691
CC(C1CC1)n1cc(NC(=O)CCCOc2cccnc2)cn1,-17.498128
CC(=O)N1CCCC1CC(=O)NCC1CCN1C(=O)c1cnoc1-c1ccc(C)o1,-18.275034
O=c1c2cc(Cl)cc(F)c2ncn1Cc1ccc(Br)c(F)c1F,-20.213661
CNc1nccc(N2CCN(CCOC(C)C)CC2)n1,-14.370112
Cc1c[nH]c(=O)n1-c1cccc(C(=O)NC2C3CN(C(=O)c4ccc(C(N)=O)cc4)CC32)c1,-36.540613
O=C(NCC1CCN1C(=O)C1(Cc2ccc(F)cc2)CCOCC1)c1cccc(F)c1,-14.429156
O=C(Cc1coc2cc(O)ccc12)N1CCC2C(C1)CN2C(=O)c1c[nH]c2ncncc12,-35.287359
NC(=O)c1ccc(C(=O)N2CC3C(CNC(=O)CNC(=O)c4ccc(S(N)(=O)=O)cc4)C3C2)cc1,-26.745766
CCOc1ccc(C)cc1S(=O)(=O)N1C2CCC1CC(O)(Cc1ccc(F)cc1F)C2,-10.982156
CC(CNC(=O)/C=C/c1ccc(C(N)=O)cc1)CNC(=O)c1ccc(-n2ccnc2)c(F)c1,-31.696228
NC(=O)c1cc(S(=O)(=O)NCC(=O)NCC2C=CC(NC(=O)c3cnc(Cl)s3)C2)c[nH]1,-29.216017
O=C(CC1COC1)NCC1(c2ccc3ccccc3c2)CC1,-21.337314
COc1ccc(S(=O)(=O)N2CCCC2c2nc3c(n2C)CCCC3)cc1,-19.28131
Cc1nc2ccc(NC(=O)C(=O)NCC(CO)Cc3ccco3)cc2nc1C,-20.071957
COC(=O)C1C(c2csc(NC(=O)C(=O)NCC(=O)Nc3cccc(Cl)c3C)n2)C1(C)C,-16.522097
NC(=O)c1ccc(CC(=O)NCC2CC2CNC(=O)c2ccc3cnccc3c2)cc1,-40.236608
CN1CCN(Cc2nnc(-c3ccco3)o2)CC1CO,-16.627009
CC1CC(NC(=O)c2ccc(C(N)=O)cc2)CN(C(=O)c2ccc(=O)[nH]c2)C1,-40.314756
O=C(Cc1ccc2[nH]ncc2c1)NCCOC1CN(C(=O)c2csc(-c3ccc(O)cc3)n2)C1,-35.744576
CC(CNC(=O)CC1(Cn2cnnn2)CCCCC1)n1cc(-c2cnccn2)nn1,-13.662207
N#CC1(CCN2CCCC3(C2)NC(=O)NC3=O)CCOCC1,-14.437445
COC(=O)CC1(c2ccccc2)CN(S(=O)(=O)CC(=O)OC)C1,-15.91197
CN(C)C(=O)c1ccccc1C(=O)N(C)CC1(O)CN(C(=O)CNC(=O)Nc2cccc(Cl)c2)C1,-14.2697
CCCN1CC(CNCc2cc(Cl)cc(Cl)c2)CC1=O,-16.10801
Cc1cc(C(=O)N2CCC3(CC2)CC(C2CC2)=NO3)no1,-11.63758
CC(C)(CNC(=O)c1ccc2c(=O)[nH][nH]c(=O)c2c1)NC(=O)c1ccc(O)cc1,-33.839497
O=C(Cc1n[nH]c(=O)c2ccccc12)NCC1(NC(=O)c2ccc3cc(O)ccc3c2)CC1,-35.169109
O=C(/C=C/c1ccc(O)cc1)NCCC1CN(C(=O)c2cc(-c3ccncc3)n[nH]c2=O)C1,-32.686567
O=C(NC1(CNC(=O)c2c[nH]c(=O)c3cncn23)CCCC1)c1c[nH]c(=O)c(Cl)c1,-27.121587
Nc1ncnc2cc(C(=O)NCCC3CN(C(=O)CCCNC(=O)c4ccc5[nH]nnc5c4)C3)ccc12,-26.624201
CCOc1ccccc1Oc1ccccc1C(=O)N1CCCC(c2cn(C3CCCNC3=O)nn2)C1,-16.498033
CC(C(=O)Nc1ccc(N2CCC(C(N)=O)CC2)cc1)C(C)S(C)(=O)=O,-15.313753
COc1cc(-c2ccccc2)sc1C(=O)NCC1CN(C(=O)C2(C)CC(C)OC(C)C2)CC1C,-14.139822
Cc1cc2cn[nH]c2cc1C(=O)NCC1CN(C(=O)c2ccc3[nH]c(=O)[nH]c3c2)C1,-26.527734
N#Cc1ccccc1Oc1ccc(NC(=O)C2CCC(C(=O)N3CCCC3)O2)cc1,-15.320012
Cn1ncc2c(O)cc(C(=O)NC3CCCC3NC(=O)C3CC(=O)N(c4cn[nH]c4)C3)cc21,-29.454292
CCC(CC)n1nccc1C(=O)N(C)CC(C)(C)CNC(=O)c1cnn(-c2ccc(F)cc2F)c1,-8.965517
Nc1ncnc2c1ncn2CCC(=O)NC1(CNC(=O)c2cc(-c3ccncc3)n[nH]c2=O)CC1,-32.534659
CNC(=O)NCC(=O)N1CC(C2CN(C(=O)c3c(C)noc3C)C2)C1,-14.817622
O=C(NC1CCN(C(=O)c2cc(=O)c3cc(O)ccc3o2)CC1O)c1cccc(-c2cnco2)c1,-34.884728
CC1=CC(NC(=O)N2CCC3(CCC(O)CC3)C2)CCC1,-20.296796
COc1ccc(N(C)C(=O)c2csc(C3CCCN(C(=O)OC(C)(C)C)C3)n2)c(OC)c1,-10.690736
O=C(/C=C/c1ccncn1)NC1CN(C(=O)c2ccc3[nH]c(=O)[nH]c3c2)C1,-33.688066
O=C(Cc1ccc2[nH]ncc2c1)NCC1(NC(=O)c2cnn3ccc(=O)[nH]c23)CCCC1,-24.067353
CC1CN(C(=O)C2CCC2)CC(C)N1C(=O)C1=NN(C)C(=O)CC1,-13.510447
COCCCO/N=C(\CCc1ccccc1)c1ccccc1,-16.638076
CN(CC1(O)CN(C(=O)c2cn[nH]c2)C1)C(=O)c1cn[nH]c1,-32.442784
COc1ccc(NC(=O)C(=O)N2CC3C(C2)C3NC(=O)c2oc3ccc(OC)cc3c2C)cc1,-15.368136
O=C(NC1CN(C(=O)Cc2ccc3[nH]ncc3c2)C1)c1cc[nH]c(=O)c1,-35.328633
O=C(/C=C/c1ccc(O)cc1)NC1CCC1NC(=O)c1ccc(-c2ccncc2)[nH]c1=O,-38.05503
Nc1nncc(-c2cccc(C(=O)NC3CCC(NC(=O)Cc4cccc5cnccc45)C3)c2)n1,-34.929879
NC(=O)c1ccc(C(=O)NC2C3CN(C(=O)c4cc5ccccc5cc4O)CC32)cc1,-30.52928
CC(SCc1ccc2[nH]cnc2c1)c1cc2ccccc2o1,-18.766714
O=C(NCCC1(NC(=O)c2ccc(-c3ccc(O)cc3)cc2)CCC1)c1cn[nH]c1,-32.421625
Nc1ncnc2cc(C(=O)N3CCC(NC(=O)c4ccnc5[nH]c(=O)[nH]c45)C(F)C3)ccc12,-35.026104
O=C(NCC1(O)CCN(C(=O)c2ccc(-c3ccncc3)nc2)C1)c1cn[nH]c1,-28.271743
O=C(Cc1cn[nH]c1)NCC1CCCN1C(=O)c1ccc2c(=O)[nH][nH]c(=O)c2c1,-37.352421
CC1CCN(C(=O)c2ccc3n[nH]c(=O)n3c2)CC1NC(=O)c1c[nH]c(=O)c2cncn12,-32.045173
CCOc1ccc(OCC)c(NS(=O)(=O)c2cc(F)ccc2OCCOC)c1,-15.184094
CC1CN(C(=O)c2ccc3n[nH]c(=O)n3c2)CC1NC(=O)C1CCCN(c2cc(=O)[nH]cn2)C1,-38.164621
Cc1nnnn1C(Cc1cccc(F)c1)C(=O)Nc1ccc(CNS(C)(=O)=O)cc1,-14.400816
Nc1ncnc2cc(C(=O)N3CCC(CCNC(=O)Cc4cc5ccccc5o4)C3)ccc12,-34.643421
Nc1ncnc2c1ncn2CCC(=O)NC1(C2CN(C(=O)c3ccc(-c4ccncc4)s3)C2)CC1,-34.845919
NC(=O)c1ccc(C(=O)NCC2(NC(=O)c3cc(Br)cc4[nH]c(=O)[nH]c34)CC2)cc1,-36.08334
Fc1ccc(N(Cc2cn(Cc3ccccc3)nn2)Cc2cccs2)cc1,-23.898909
COc1ccc(Cl)c(CNC(=O)c2noc(-c3cccc(F)c3)n2)c1,-20.872453
O=C(Cc1ccc2c(c1)COC2)NC1(CNC(=O)C2CC3CCC2C3)CC1,-22.466204
O=C(CNS(=O)(=O)c1ccc(Cl)s1)NCC1(CNC(=O)c2c[nH]c3ncncc23)CC1,-28.933013
Cn1ccc(C(=O)NCC2CCN2C(=O)/C=C/c2ccc(C(N)=O)o2)cc1=O,-34.114652
CC(C)CC(NS(=O)(=O)CCN1CCOC1=O)c1nc[nH]n1,-10.832325
CC(CCN1CCOCC1)NC(=O)CC(O)c1ccc(F)cc1,-20.520453
O=C(Cc1ccc(CO)cc1)NC1CC(CO)N(C(=O)CN2C(=O)c3cccnc3C2=O)C1,-25.436631
CC1(NC(=O)c2cc[nH]c(=O)c2)CN(C(=O)C2CCCN(c3cc(=O)[nH]cn3)C2)C1,-27.292038
NC(=O)c1cn(CC(=O)NC2(CNC(=O)c3cn[nH]c3)CCC2)c2ccccc12,-35.239936
CCCc1ccc(C(=O)N2CCN(C(=O)C(=O)c3ccccc3)C(C)C2C)cc1,-17.205044
Nc1ncnc2cc(C(=O)N3CC(C4CN(C(=O)Cc5ccc(-n6ccnc6)cc5)C4)C3)ccc12,-33.074774
O=C(/C=C/c1ccc(O)cc1)NC1(CNC(=O)c2ccc3oc4ccccc4c3c2)CC1,-40.104254
O=C(NC1CC(CNC(=O)C2CCN(c3ccncc3)CC2)C1)c1ccc(-c2cn[nH]c2)cc1,-30.818258
O=C(Cc1csc(-c2ccc(O)cc2)n1)NCC1CCCN1C(=O)c1ccc2cn[nH]c(=O)c2c1,-30.557947
O=C(NCC1CCN1C(=O)c1c[nH]c(=O)c2cnccc12)c1cc(=O)c2cc(O)ccc2o1,-33.032517
O=C(NC1CCC(NC(=O)c2c[nH]c(=O)c3ccccc23)C1)c1coc2ccc(O)cc12,-30.386992
CN(C)C(=O)c1cccc(NC(=O)CN(c2cccc(C#N)c2)S(C)(=O)=O)c1,-15.443444
O=C(CCc1ccc(O)cc1)N1CCCN(C(=O)c2ccc3cn[nH]c(=O)c3c2)CC1,-28.43857
Cc1c(C(=O)Oc2ccc(OCC(N)=O)cc2)sc2c(Br)csc12,-28.800628
O=C(NC1CC(F)CN(C(=O)C2CCCc3cccnc32)C1)c1cccc2ncccc12,-22.85472
O=C(c1ccc2c(=O)[nH][nH]c(=O)c2c1)N1CCN(C(=O)C2CC(=O)N(c3cn[nH]c3)C2)CC(O)C1,-35.674663
CCc1nnsc1C(=O)N(CCNC(=O)c1c2ccccc2cc2ccccc12)C1CC1,-15.705177
Cc1cc2sc(NC(=O)NCc3c(C)cccc3Cl)nc2cc1Cl,-25.380022
Cc1sc(=O)n(CC(=O)NCCNC(=O)c2ccccc2Oc2cccnc2)c1-c1ccccc1,-14.306404
Cc1cccc2cc(C(=O)N3CC4CC4(CNC(=O)c4ccc(C(N)=O)cc4)C3)oc12,-32.563739
NC(=O)c1ccc(C(=O)N2CCN(C(=O)c3ccc4c(=O)[nH][nH]c(=O)c4c3)C3CC32)cc1,-31.851175
CCOC(=O)C1CN(c2nc3ncccc3cc2C#N)CC1C(C)(C)C,-13.231834
NC(=O)c1ccc(C(=O)NCCC2CN(C(=O)c3cc(Br)cc4[nH]c(=O)[nH]c34)C2)cc1,-30.791323
O=C(Nc1ccsc1)Nc1cc(-c2ccc(Cl)cc2Cl)n[nH]1,-22.759511
O=C(Cc1ccc(Cl)cc1Cl)N1CC2=C(C1)CN(C(=O)C1CC13CCc1ccccc13)C2,-13.881276
Cc1ccccc1-c1nc(S(=O)(=O)N2CCN(CC(=O)N(C)Cc3ccccc3)CC2)cs1,-18.855531
CN(CCNC(=O)C1CCN(c2ccccc2)C1)C(=O)c1cnn(C)c1C(F)F,-16.154067
O=C(NCC1(CNC(=O)c2cnn3ccc(=O)[nH]c23)CCC1)c1cc2ccncc2cc1F,-26.148323
Cc1cn(CC(=O)NC2CCCCC2NC(=O)c2ccc3c(N)ncnc3c2)c(=O)[nH]c1=O,-29.66227
CCCOCCOC(=O)c1nn(C)c2c1CN(C(=O)OC(C)(C)C)CC2,-11.314558
COC(=O)CCC(=O)N1CCC(C2(C)CC2)CC1,-10.766806
C#CCOCCOCCOCCOCCC(=O)NCCOC1CN(C(=O)CNc2nccc(OC)n2)C1,-12.384173
CCc1nc2ccc(NC(=O)N3CCC34CCCC(C)(C)C4)cc2s1,-12.295686
NC(=O)c1cc(S(=O)(=O)NCC(=O)NCC2CCCN2C(=O)c2ccc3c(c2)CCC3)c[nH]1,-25.646274
COc1c[nH]c(C(=O)N(C)Cc2occc2C)cc1=O,-17.651667
CCCOc1ccc2ccccc2c1CN(C)Cc1cc(F)cc(F)c1F,-14.894176
COCCOC/C=C/C(=O)Nn1c2ccccc2c2ccccc21,-14.443957
CCCCOC(C)C(=O)N1CC2C(CNC(=O)/C=C/c3ccc(Cl)cc3)C2C1,-12.806421
CC1(NC(=O)CNS(=O)(=O)c2c[nH]c(C(N)=O)c2)CCCN(C(=O)c2ccc3[nH]c(=O)[nH]c(=O)c3c2)C1,-32.848034
Nc1cc(CC(=O)N2CC(F)CC(NC(=O)c3cc[nH]c(=O)c3)C2)ccn1,-34.308241
CCC(CN(C)C(=O)CNS(=O)(=O)c1cccs1)NC(=O)C(C)c1ccc(OC)cc1,-23.224157
O=C(NC1(CO)CN(C(=O)c2cc3cc(O)ccc3[nH]2)C1)c1c[nH]c(=O)c(Cl)c1,-36.283069
O=C(NCC12CC1CN(C(=O)c1ccc3cn[nH]c(=O)c3c1)C2)c1ccc2c(=O)ccoc2c1,-37.761549
CC(CO)(NC(=O)CC1COCCO1)c1ccc(O)cc1,-19.077995
COC(=O)C1CC(O)CCN1C(=O)c1cc(N2CCCC2=O)cc(C(F)(F)F)c1,-18.393243
COC(=O)C(NC(=O)c1ccc(N2CCCCC2)c(S(=O)(=O)N2CCCCC2)c1)C1(C)CC1,-8.213482
Cc1cnc(NC(=S)NCCc2ccc(F)cc2)cc1C,-19.32301
NC(=O)c1cn(CC(=O)NCC2(NC(=O)c3c[nH]c(=O)c4cnccc34)CCCC2)c2ccccc12,-30.761827
O=C(/C=C/c1c[nH]c(=O)[nH]c1=O)NC1CN(C(=O)c2cc3ccncc3c(=O)[nH]2)C1,-30.507316
Cc1onc(CC(=O)Nc2ccc3c(c2)OCO3)c1-c1nnn[nH]1,-21.326719
CC(=O)/C=C/C(=O)N1CCC(O)(c2nc(C)no2)C1,-18.10033
O=C(NC1CCN(C(=O)c2cccn3c(=O)[nH]nc23)C1)c1cccc2n[nH]cc12,-27.931326
CC(CCNC(=O)c1ccc2c(=O)[nH][nH]c(=O)c2c1)NC(=O)C1CCCN(c2cc(=O)[nH]cn2)C1,-34.661737
NC(=O)c1ccc(C(=O)N2CCC(CCNC(=O)c3ccc4cn[nH]c(=O)c4c3)C2)cc1,-38.949096
Cc1ccc(C2CCCCC2C(=O)NCCc2nc(C)cc(C)n2)cc1,-14.587404
CCCC(CC)CNC(c1c(F)cccc1F)C1CCC1,-8.118039
O=C(NCC1(NC(=O)c2cc3cc(O)ccc3[nH]2)CC1)c1ccc(-c2cccnc2)cc1,-30.853169
NC(=O)c1ccc(C(=O)NCC2CN(C(=O)c3ccc4c(c3)CCCN4)C2)cc1,-31.11237
N#Cc1nc(NC(=O)NCc2cc[nH]c2)ccc1Br,-33.15062
O=C(NCCC1CN(C(=O)c2cc[nH]c(=O)c2)C1)c1ccc(-c2ccncc2)[nH]c1=O,-32.649259
Cc1cc(Cl)cc(COC(=O)C2CC2c2cc(F)c(F)c(F)c2)c1,-17.377481
CO/N=C/C(=O)NC(CO)CNC(=O)C1CC(O)C1,-20.256883
CC1CN(C(=O)c2ccc3c(c2)CCC(=O)N3C)CC1CNC(=O)c1ccc2c(N)ncnc2c1,-36.182667
CC1(NC(=O)c2ccc(-c3ccc(O)cc3)cc2)CN(C(=O)c2ccc(=O)[nH]c2)C1,-30.768285
Fc1cc(OC2CCC2)ccc1-c1ccc2nncn2c1,-21.237759
O=C(NC1CN(C(=O)c2cc3cncnc3[nH]2)CCC1O)c1cccn2c(=O)[nH]nc12,-34.054123
O=C(Cc1ccc(-n2ccnc2)cc1)NC1CCC(NC(=O)c2ccc(-c3cn[nH]c3)cc2)C1,-32.367786
CCOC(=O)c1nc(NC(=O)C(=O)c2ccc3c(c2)CCCC3)cn1C,-16.465129
COCC1(CNC(=O)N2CCCC(S(=O)(=O)NC3CCCC3)C2)CCC1,-9.307121
NC(=O)c1ccc(C(=O)NC2(CNC(=O)c3ccc(=O)[nH]c3)CC2)cc1,-40.938066
O=C(Nc1ccc(F)cc1OCCC(F)(F)F)c1c2c(n[nH]c1=O)CCCC2,-18.394955
O=C(NC1CCN(C(=O)c2cc3ccc(O)cc3[nH]2)CC1)c1cc(F)cc2[nH]cnc12,-31.758183
NC(=O)C(=O)NC1CCCCN(C(=O)Cc2coc3cc(O)ccc23)C1,-39.593682
Cc1nc(NNC(=O)c2ccc(C(C)C)cc2C(C)C)[nH]c(=O)c1C,-15.953128
O=C(Nc1ccc(C2CC2)nc1)N1CCOC(c2ccco2)C1,-17.149752
CC1CCCCN1C/C(N)=N/OCc1cscn1,-15.626149
CNC(=O)c1cccc(C(=O)N2CC3CC3C2)n1,-18.143564
NC(=O)c1ccc(C(=O)NC2CCC2NC(=O)CNS(=O)(=O)c2c[nH]c(C(N)=O)c2)cc1,-39.125508
O=C(NC1CN(C(=O)c2cc(=O)[nH]c(=O)[nH]2)C1)c1ccc2n[nH]c(=O)n2c1,-33.436996
Cc1ccc(C(=O)NC(C)Cn2cc(CNC(=O)C3CCN(C(=O)OC(C)(C)C)CC3)nn2)c(C)c1,-1.826601
Cc1ccc(S(=O)(=O)NC(C(=O)NC2CC(O)CN(C(=O)CNC(=O)NCc3ccco3)C2)C(C)C)cc1,-5.795284
O=C(NC1CCC1NC(=O)c1ccc2ncc(=O)[nH]c2c1)c1cnc2[nH]ncc2c1,-32.815475
Cc1cscc1NC(=O)Nc1cc(F)ccc1OC(C)C,-18.072848
O=C(NC1CCCCN(C(=O)CCc2cccc3cnccc23)C1)c1cn[nH]c1,-31.36566
O=C(NC1CC(O)CN(C(=O)c2ccc3c(=O)[nH][nH]c(=O)c3c2)C1)c1csc(-c2cn[nH]c2)n1,-35.695402
O=C(NC1CCCC1NC(=O)c1cc2ccc(O)cc2[nH]1)c1ccc(-c2cn[nH]c2)cc1,-40.670539
O=C(c1cc2cc(O)ccc2[nH]1)N1CC2CCN(C(=O)c3ccc4c(=O)[nH]cnc4c3)C2C1,-35.030434
NC(=O)c1cc(S(=O)(=O)NCC(=O)N2CCCC(NC(=O)c3ccc4nncn4c3)CC2)c[nH]1,-33.035755
NC(=O)c1cn(CCC(=O)NC2(CNC(=O)c3ccc4c(=O)[nH][nH]c(=O)c4c3)CCC2)c(=O)[nH]c1=O,-34.187684
O=C(NCC(O)CNC(=O)c1cc2ccccc2c(=O)[nH]1)c1ccc(-c2cn[nH]c2)cc1,-34.834424
O=C(NCc1ccc(Cl)c(Cl)c1)Nc1ncc(C(F)(F)F)cc1C(F)(F)F,-23.249856
C=CCC1(CC=C)NC(=O)N(c2cnccc2-n2cccn2)C1=O,-14.835745
CC(C)(O)CN1CCN(C(=O)NCc2ncc(F)cc2F)CC1,-12.61851
CCCC(NC(C)=O)C(=O)N(C)CC(C)N(C)C(=O)CCCc1nccs1,-11.764606
Cc1cccc(C(=O)NC(C)C(=O)NC(C)(C)CCNC(=O)CCCCc2ccc(Cl)c(Cl)c2)c1,-9.983306
NC(=O)CC(NC(=O)NCc1ccc(Cl)s1)c1ccccc1,-24.546577
O=C(NCC1C=CC(NC(=O)c2ccc3c(=O)cc[nH]c3c2)C1)c1ccc2cn[nH]c(=O)c2c1,-36.706663
Cc1ccc(CNc2nc3c(s2)COCC3)cc1C#N,-22.322299
O=C1CNC(=O)c2ccc(C(=O)NC3CCCC3NC(=O)C3CC(=O)N(c4cn[nH]c4)C3)cc2N1,-33.510828
CC(C)CC(CC(C)C)C(=O)NC(C)CCNC(=O)c1coc(CC2CC2)n1,-7.295856
CCC(CNC(=O)c1cc(F)c(CO)c(F)c1)NC(=O)CC(O)c1nc2ccccc2[nH]1,-30.251008
Cc1nnnn1-c1ccc(C(=O)NNc2cc[nH]c(=O)c2)cc1,-30.711152
CCCCNC(=O)NNC(=O)CN1C(=O)CCC1=O,-13.032799
CC(C)COc1ccccc1C(=O)NCC1(O)CN(C(=O)CC(C)c2ccc3c(c2)OCO3)C1,-13.151551
CC1(C)CN(C(=O)c2ccc(-c3cc(F)cc(Cl)c3)o2)C1,-16.863457
C/C(=C\C(=O)N1CCNC(=O)C1c1ccccc1)c1cnccn1,-25.199958
Cc1ccn(CC(=O)N2CC3CCC(C2)N3)c(=O)c1,-17.099581
CC1CCN(C(=O)c2cnn3ccc(=O)[nH]c23)CC1NC(=O)c1ccc2c(=O)[nH][nH]c(=O)c2c1,-30.6653
O=C(NCC1CCCC1NC(=O)C1CCN(c2cc(=O)[nH]cn2)CC1)c1ccc2c(=O)[nH][nH]c(=O)c2c1,-33.466443
O=C(CCCc1c[nH]nn1)NC1CCCC1NC(=O)c1ccc2cnccc2c1,-37.55006
CC(CNC(=O)C1CCCCN1C(=O)OC(C)(C)C)N(C)C(=O)c1cncc2c1CCNC2=O,-6.612692
COc1cccc(CCC(=O)NC2CN(C(=O)c3cc4cc(Cl)ccn4n3)C2)n1,-21.235296
O=C1CSc2ccc(C(=O)NC3CCCCC3NC(=O)c3ccc(-c4cn[nH]c4)cc3)cc2N1,-39.014311
NC(=O)c1cc(S(=O)(=O)NCC(=O)NCC2(NC(=O)c3cccc4[nH][nH]c(=O)c34)CCCC2)c[nH]1,-31.243251
COc1ccccc1NS(=O)(=O)c1cc(NC(=O)NC(C)(C)c2nc3ccccc3n2C)ccc1Cl,-7.675769
NC(=O)c1ccc(C(=O)NC2C3CN(C(=O)c4ccc5nonc5c4)CC32)cc1,-36.189842
O=C(CCCC(F)(F)F)N1CCC(C2CCCCO2)CC1,-10.309197
Nc1ncnc2cc(C(=O)N3CC4C(C3)C4NC(=O)CCn3cc[nH]c(=O)c3=O)ccc12,-32.476296
NC(=O)c1ccc(C(=O)NCC2(CNC(=O)c3ccc(N4CCNC4=O)cc3)CC2)cc1,-36.029717
O=C(NC1CC2(C1)CN(C(=O)c1cccc3[nH]ncc13)C2)c1cc2cc(O)ccc2[nH]1,-37.487097
CC(NC(=O)C1CCN(c2ccncc2)C1)c1csc(N)n1,-34.303688
O=C(NCC1CCCC1NC(=O)C1CC(=O)N(c2cn[nH]c2)C1)c1ccc2cnccc2c1,-34.395102
O=C(/C=C/c1cc[nH]n1)N1CC2(C1)CN(C(=O)c1cc3cnccc3[nH]1)C2,-31.664737
O=C1NCc2ccc(C(=O)NC3CCC3NC(=O)c3ccc4cc(O)ccc4c3)cc2N1,-34.754669
N#Cc1cc(F)c(C(F)(F)F)cc1NCCC(N)=O,-24.370475
COc1ccc(OCc2c(C)cc(C)nc2OC)c(Br)c1,-23.006621
CC1CCN(C(=O)c2cc3cc(O)ccc3[nH]2)CCN1C(=O)Cc1cccc2cnccc12,-30.911249
O=C(NC1CCN(C(=O)c2csc(-c3cn[nH]c3)n2)CC1)c1ccc2n[nH]c(=O)n2c1,-37.86054
O=C(NC1CCC1NC(=O)c1n[nH]c(=O)c2ccccc12)c1cn[nH]c1,-25.712279
O=C(NC12CC1CN(C(=O)c1ccc3ccncc3c1)C2)c1ccc2cnccc2c1,-28.473671
O=C(Cn1cn[nH]c1=O)NCC1(NC(=O)c2cccc3[nH]ncc23)CC1,-28.510589
COC(CNC(=O)c1ccc(-c2ccc(O)cc2)cc1)CNC(=O)c1ccn[nH]c1=O,-28.292151
O=C(NNCC(F)(F)F)c1ccncc1,-21.955044
Nc1nnc(CC(=O)NCC2(CCNC(=O)Cc3cccc4cnccc34)CC2)s1,-32.676286
NC(=O)c1cc(S(=O)(=O)NCC(=O)NC2CCC(CNC(=O)c3ccc(-c4ccncc4)[nH]c3=O)C2)c[nH]1,-30.221022
Cn1c(=O)[nH]cc(C(=O)NCC23CC2CN(C(=O)c2ccc4ncncc4c2)C3)c1=O,-31.19724
O=C(NC1CC(CO)N(C(=O)c2cc3ccc(O)cc3[nH]2)C1)C1CC(=O)N(c2cn[nH]c2)C1,-36.43533
Cn1nnc2cc(C(=O)NCC3CCN3C(=O)c3ccc(C(N)=O)cc3)cnc21,-30.406379
CC(C)c1cc(C(=O)NCC(CO)NC(=O)C2CCC(O)CC2)c(O)c(C(C)C)c1,-14.829172
NC(=O)c1cccc(CC(=O)NCC23CC2CN(C(=O)c2ccc4sc5ccccc5c4c2)C3)c1,-29.426237
C#CCOC(=O)C(NCc1cccc(C(F)(F)F)c1C)C(C)C,-14.93122
Cc1ccc2sc(-c3ccc(CNC4COc5ccc(F)cc54)cc3)nc2c1,-14.532634
Cc1cc(C(N)=O)cc(C(=O)N2CC(O)C(NC(=O)c3cc(=O)[nH]c(=O)[nH]3)C2)c1,-31.877195
COc1c(C)cc(C)cc1NC(=O)Nc1cc(C2CC2)nn1-c1ccccc1,-18.619555
CCOc1cc(C(=O)NC2(COC)CN(C(=O)c3csc(CC(C)C)n3)C2)ccc1C,-15.218921
CC1(C)CN(C(=O)c2ccc(C(N)=O)cc2)CC1NC(=O)c1ccc(C(N)=O)cc1,-42.704915
NC(=O)c1cccc(CC(=O)N2CCn3c(n[nH]c3=O)C2)c1,-43.091272
